id,first_name,last_name,address,city,state,zip-code,card-type,store,amount
1,Anne,Marrison,831 Drewry Drive,Albuquerque,New Mexico,87201,visa-electron,Health,$496.35
2,Emalee,Guilbert,553 Shoshone Court,New York City,New York,10045,visa-electron,Books,$231.17
3,Gerri,Dunsleve,5 Valley Edge Plaza,Dallas,Texas,75265,maestro,Industrial,$130.91
4,Licha,Eastcourt,26926 Havey Circle,New York City,New York,10014,jcb,Movies,$429.88
5,Odelle,Corderoy,96 Golf Place,Mc Keesport,Pennsylvania,15134,diners-club-enroute,Sports,$452.54
6,Jackson,Menham,46 Fremont Avenue,Durham,North Carolina,27717,mastercard,Baby,$643.25
7,Larisa,Ackerman,6 Namekagon Junction,Utica,New York,13505,jcb,Baby,$330.30
8,Rozina,Rosbrough,1118 Annamark Hill,Garden Grove,California,92645,diners-club-international,Toys,$379.14
9,Stanford,By,43 Dakota Court,Juneau,Alaska,99812,maestro,Beauty,$399.73
10,Marcie,Yeld,4 Karstens Court,Kissimmee,Florida,34745,bankcard,Movies,$873.23
11,Zonda,Riddeough,72 Hauk Lane,Aurora,Illinois,60505,jcb,Electronics,$950.94
12,Netta,Galey,956 Claremont Terrace,Lansing,Michigan,48956,mastercard,Computers,$341.54
13,Harri,Jaffrey,0455 Maryland Avenue,New York City,New York,10184,jcb,Baby,$582.64
14,Tait,Orsi,8660 Vahlen Plaza,Cleveland,Ohio,44118,diners-club-international,Garden,$582.31
15,Vincenz,Neeson,3470 Dawn Plaza,Pasadena,California,91125,maestro,Movies,$813.92
16,Tonnie,Loynes,7535 Erie Center,Saint Petersburg,Florida,33742,visa-electron,Industrial,$523.98
17,Gaylord,Grellier,9151 Butterfield Hill,San Mateo,California,94405,jcb,Kids,$93.40
18,Nealon,MacCracken,01555 Kenwood Point,Salt Lake City,Utah,84145,jcb,Electronics,$461.95
19,Martino,Ghidini,12 Grasskamp Drive,Lake Worth,Florida,33467,diners-club-enroute,Movies,$461.89
20,Archie,Anstey,0 Bonner Place,Washington,District of Columbia,20456,jcb,Baby,$277.53
21,Lusa,Shimman,72 Saint Paul Terrace,Fort Wayne,Indiana,46896,jcb,Books,$370.10
22,Maisey,Olivet,576 Arkansas Center,Pensacola,Florida,32590,switch,Electronics,$212.40
23,Lou,Raith,44 Summer Ridge Lane,Washington,District of Columbia,20380,laser,Books,$890.64
24,Berkley,Friend,8078 Burning Wood Lane,Montgomery,Alabama,36104,laser,Music,$136.95
25,Rodge,Sabin,16 Dexter Road,Phoenix,Arizona,85025,mastercard,Kids,$579.65
26,Nikoletta,Collinge,0902 Myrtle Drive,Shreveport,Louisiana,71105,switch,Health,$504.62
27,Yancy,Jobern,6 Lakewood Avenue,Tuscaloosa,Alabama,35405,maestro,Music,$804.87
28,Bentlee,Foulgham,39 Basil Crossing,Washington,District of Columbia,20010,bankcard,Clothing,$523.02
29,Jude,Treppas,68 Pleasure Way,Cheyenne,Wyoming,82007,jcb,Clothing,$915.90
30,Bron,Ower,01459 Towne Point,Macon,Georgia,31205,bankcard,Movies,$500.94
31,Garret,Mityakov,6 Lakewood Lane,Macon,Georgia,31205,mastercard,Health,$667.93
32,Esra,Dibdale,4298 Burrows Avenue,San Diego,California,92121,jcb,Garden,$372.38
33,Heidie,Duffet,751 Miller Center,Bakersfield,California,93311,americanexpress,Games,$576.40
34,Yale,McGilleghole,6 Brickson Park Trail,San Francisco,California,94137,jcb,Beauty,$177.87
35,Lin,Corneljes,18 Cody Place,Sacramento,California,94291,jcb,Music,$247.54
36,Dyna,Strugnell,2349 Continental Plaza,Silver Spring,Maryland,20918,maestro,Garden,$589.13
37,Alexina,Drust,82417 Summit Hill,Corpus Christi,Texas,78475,diners-club-us-ca,Automotive,$21.76
38,Calida,Normant,4180 Comanche Crossing,Stockton,California,95298,mastercard,Beauty,$589.33
39,Grange,Phorsby,684 Nancy Terrace,Erie,Pennsylvania,16565,bankcard,Beauty,$126.92
40,Averyl,Gomm,07 Moland Drive,Knoxville,Tennessee,37939,jcb,Tools,$403.55
41,Candi,Kynsey,1 Paget Avenue,Arlington,Texas,76016,jcb,Books,$197.06
42,Ervin,Wyse,4 Marcy Place,Colorado Springs,Colorado,80910,maestro,Beauty,$531.57
43,Addie,Liepins,661 Cambridge Parkway,Miami,Florida,33190,laser,Kids,$420.45
44,Ronna,Smurthwaite,4720 Hauk Alley,Richmond,Virginia,23237,jcb,Shoes,$762.90
45,Kari,Medhurst,7259 Mosinee Plaza,Montgomery,Alabama,36125,americanexpress,Outdoors,$522.88
46,Vachel,Neicho,7521 Independence Place,Honolulu,Hawaii,96850,maestro,Garden,$299.94
47,Camey,Camilletti,5 Fuller Plaza,Pensacola,Florida,32590,jcb,Home,$306.71
48,Fredrika,Philipsen,8315 Badeau Park,Saint Louis,Missouri,63143,switch,Electronics,$396.24
49,Wells,Riddle,23 Lindbergh Parkway,Naples,Florida,34102,jcb,Beauty,$361.50
50,Modestine,Gabriel,3989 Dakota Park,Washington,District of Columbia,20268,jcb,Garden,$738.18
51,Midge,Kewzick,741 Utah Parkway,Grand Rapids,Michigan,49510,jcb,Shoes,$378.19
52,Coop,Trudgion,84 Prairie Rose Place,Huntington,West Virginia,25705,visa,Home,$700.13
53,Hube,Cromie,0395 Caliangt Way,San Diego,California,92191,jcb,Baby,$370.51
54,Kalli,Bonney,06268 Kinsman Plaza,Newport News,Virginia,23605,china-unionpay,Health,$456.94
55,Tammara,Guerry,46199 Reindahl Road,New Haven,Connecticut,06533,jcb,Movies,$262.06
56,Dirk,Nother,85275 Porter Terrace,Peoria,Illinois,61629,jcb,Baby,$58.80
57,Leanora,Scragg,8866 Corben Alley,Tallahassee,Florida,32314,jcb,Games,$436.42
58,Mildred,Martinet,888 Manley Pass,Washington,District of Columbia,20551,americanexpress,Industrial,$97.10
59,Cariotta,Nouch,1 Cardinal Hill,Waco,Texas,76711,jcb,Music,$638.72
60,Barton,Claydon,2 Haas Point,Shawnee Mission,Kansas,66210,diners-club-international,Sports,$649.55
61,Edith,Bissell,91663 Glendale Lane,Evansville,Indiana,47732,maestro,Movies,$191.61
62,Arly,Ledgerton,15037 Victoria Court,Erie,Pennsylvania,16534,instapayment,Home,$128.66
63,Magdaia,Neaverson,11946 Oriole Crossing,Minneapolis,Minnesota,55412,china-unionpay,Beauty,$561.03
64,Magdaia,Beeck,8 Lawn Trail,Reno,Nevada,89550,diners-club-carte-blanche,Toys,$374.47
65,Hollis,Darrington,9 Sherman Circle,Harrisburg,Pennsylvania,17110,mastercard,Outdoors,$523.62
66,Roseann,Voce,6 Luster Way,West Palm Beach,Florida,33416,visa,Computers,$918.32
67,Catharine,Maciak,55113 7th Road,Dayton,Ohio,45408,bankcard,Computers,$571.08
68,Roderick,Berr,8 School Crossing,Duluth,Minnesota,55805,americanexpress,Jewelery,$378.99
69,Shelia,Carren,7916 Dahle Pass,San Antonio,Texas,78278,visa-electron,Baby,$581.45
70,Teddy,Tartt,1396 Florence Park,Houston,Texas,77250,china-unionpay,Movies,$612.80
71,Andee,Sanz,941 Towne Alley,Brooksville,Florida,34605,visa-electron,Toys,$700.05
72,Galina,Gumey,360 Stone Corner Court,El Paso,Texas,79916,jcb,Tools,$18.42
73,Alysia,Vell,6 Golf Pass,Valdosta,Georgia,31605,jcb,Jewelery,$151.25
74,Hilliard,Trimbey,09090 Sutteridge Park,Richmond,Virginia,23220,jcb,Games,$235.55
75,Jackqueline,Braden,4268 Kim Street,Newark,Delaware,19714,china-unionpay,Home,$888.24
76,Marlane,Lovemore,965 Center Circle,Corpus Christi,Texas,78415,jcb,Kids,$741.20
77,Dasi,Penquet,22 Mandrake Park,Saint Joseph,Missouri,64504,mastercard,Computers,$538.96
78,Fred,Delafont,60015 Division Point,Denver,Colorado,80228,jcb,Movies,$392.81
79,Cristie,Backman,010 Pennsylvania Plaza,Garland,Texas,75049,jcb,Garden,$837.64
80,Puff,McClune,649 Hoffman Pass,Fort Worth,Texas,76129,mastercard,Baby,$473.08
81,Winslow,Plumtree,10 Paget Point,Fort Worth,Texas,76105,visa,Music,$613.13
82,Saunderson,Eakins,64931 West Crossing,Buffalo,New York,14225,jcb,Outdoors,$880.90
83,Blanche,Meachan,584 Petterle Street,Winter Haven,Florida,33884,switch,Electronics,$805.01
84,Gibby,Duester,43 Ryan Court,Gainesville,Georgia,30506,jcb,Industrial,$753.77
85,Yancey,Huggard,721 Bluejay Place,Staten Island,New York,10310,bankcard,Games,$517.60
86,Shaylah,Maneylaws,5018 Gerald Park,Huntington,West Virginia,25709,diners-club-carte-blanche,Computers,$794.99
87,Petronia,Cranfield,303 5th Trail,Atlanta,Georgia,31119,diners-club-enroute,Grocery,$403.65
88,My,Jebb,129 Shopko Junction,Washington,District of Columbia,20370,bankcard,Automotive,$549.52
89,Danice,Fasse,94 Superior Road,Daytona Beach,Florida,32128,jcb,Automotive,$279.76
90,Gayle,Beastall,47 Boyd Road,Chicago,Illinois,60604,diners-club-carte-blanche,Tools,$715.47
91,Aleece,Foucar,1 Northwestern Drive,Bloomington,Indiana,47405,visa-electron,Industrial,$256.43
92,Madalena,Oulet,26 Steensland Parkway,Garden Grove,California,92645,diners-club-enroute,Automotive,$212.07
93,Krissie,Shyres,1 Drewry Drive,Portland,Oregon,97216,visa,Garden,$733.80
94,Katerine,Munks,68 Boyd Terrace,Sacramento,California,95828,switch,Garden,$345.88
95,Merrielle,Nehlsen,479 Scofield Avenue,Denver,Colorado,80243,jcb,Music,$896.61
96,Freeland,Woolliams,8288 Dwight Avenue,Prescott,Arizona,86305,mastercard,Baby,$242.60
97,Agnes,Benaine,1631 Hayes Pass,Milwaukee,Wisconsin,53263,jcb,Games,$59.91
98,Milly,Durn,5961 Texas Court,Sacramento,California,94207,jcb,Clothing,$466.31
99,Sophie,Demer,802 Homewood Street,El Paso,Texas,88546,jcb,Garden,$653.05
100,Shirley,Pinnick,56 Sycamore Trail,New Orleans,Louisiana,70160,switch,Industrial,$899.58
101,Ginelle,Cockshut,80 Jay Parkway,Sterling,Virginia,20167,mastercard,Electronics,$370.67
102,Willy,Osgodby,7341 Coleman Center,New York City,New York,10160,jcb,Computers,$15.80
103,Emlyn,Deason,4840 Barnett Center,High Point,North Carolina,27264,diners-club-carte-blanche,Shoes,$446.73
104,Salomo,Gange,839 Luster Parkway,Pocatello,Idaho,83206,visa-electron,Garden,$780.04
105,Ronda,Rowden,35 Donald Pass,Des Moines,Iowa,50335,jcb,Home,$290.00
106,Courtney,Garratty,403 Springview Alley,Louisville,Kentucky,40298,mastercard,Automotive,$889.75
107,Valli,Oyley,92981 Elka Street,Tucson,Arizona,85732,bankcard,Baby,$152.79
108,Amalee,Shotboulte,0 Helena Way,San Diego,California,92105,jcb,Games,$917.83
109,Tanny,Jakovijevic,147 Nancy Court,Sacramento,California,94207,mastercard,Garden,$690.48
110,Tamas,Apfler,98893 Hudson Center,Pittsburgh,Pennsylvania,15266,china-unionpay,Industrial,$812.53
111,Johnna,Sheerin,55 Mendota Court,Charlotte,North Carolina,28205,jcb,Sports,$158.54
112,Halimeda,Hexum,8774 Delaware Court,Madison,Wisconsin,53779,jcb,Kids,$718.70
113,Justen,Tidcomb,26468 Autumn Leaf Alley,Norman,Oklahoma,73071,bankcard,Outdoors,$925.54
114,Glenden,Tremathick,6 Mandrake Road,Sacramento,California,94291,jcb,Computers,$583.82
115,Myrlene,Seeviour,55 Bartillon Way,Honolulu,Hawaii,96845,bankcard,Industrial,$660.35
116,Daune,Beckworth,85420 Longview Junction,New York City,New York,10155,diners-club-enroute,Automotive,$315.49
117,Shaine,Bourgaize,37 Rieder Circle,Orlando,Florida,32859,jcb,Games,$667.09
118,Ayn,Chaloner,246 Manufacturers Circle,Charlotte,North Carolina,28225,laser,Automotive,$176.25
119,Leisha,Allsebrook,16 Steensland Drive,Santa Ana,California,92705,diners-club-carte-blanche,Home,$126.98
120,Jeni,Urian,43 Kipling Place,Richmond,Virginia,23260,jcb,Baby,$159.16
121,Borg,O'Bradain,7664 Nelson Trail,Atlanta,Georgia,31136,laser,Shoes,$947.51
122,Ansley,Dehm,34883 Alpine Court,Corpus Christi,Texas,78405,maestro,Beauty,$126.88
123,Madge,Hartil,6 Lighthouse Bay Pass,Boston,Massachusetts,02298,jcb,Outdoors,$768.86
124,Pebrook,Simmonett,14860 Lunder Way,Saint Petersburg,Florida,33737,mastercard,Grocery,$337.53
125,Prudence,Seamans,37874 Vahlen Circle,Memphis,Tennessee,38126,bankcard,Sports,$522.17
126,Alfie,Reichert,071 7th Place,Fresno,California,93750,switch,Home,$184.09
127,Ezmeralda,Hennemann,197 Springs Trail,Houston,Texas,77040,maestro,Toys,$663.62
128,Mandi,Aveson,936 Bartillon Road,El Paso,Texas,79977,bankcard,Games,$172.33
129,Vaughan,Busfield,30897 6th Parkway,El Paso,Texas,88546,diners-club-carte-blanche,Toys,$770.52
130,Archie,MacFadzean,07 Atwood Pass,Salt Lake City,Utah,84130,laser,Outdoors,$466.01
131,Kerry,Quantrell,9957 Prentice Parkway,Houston,Texas,77015,jcb,Health,$942.13
132,Fey,Tippetts,1 Bunting Pass,Albany,New York,12242,mastercard,Health,$535.95
133,Kingsly,Tomblett,226 Lunder Avenue,Memphis,Tennessee,38114,jcb,Shoes,$1.99
134,Lyda,Lob,7 Toban Avenue,South Bend,Indiana,46634,jcb,Sports,$741.13
135,Daphna,Pinson,822 Cascade Alley,Tuscaloosa,Alabama,35487,switch,Books,$832.30
136,Michail,Curedell,9 Corben Court,Atlanta,Georgia,30351,jcb,Jewelery,$625.71
137,Vergil,Caplan,54075 Carpenter Plaza,Jamaica,New York,11480,visa-electron,Outdoors,$13.47
138,Terri,Andriss,2567 Main Plaza,San Antonio,Texas,78235,switch,Books,$309.82
139,Emlynne,O'Cuddie,189 Corben Park,Miami,Florida,33190,instapayment,Garden,$817.31
140,Allie,Weed,9010 Dayton Avenue,Panama City,Florida,32405,switch,Industrial,$972.18
141,Eirena,Bithany,46589 Pennsylvania Trail,Albuquerque,New Mexico,87201,jcb,Home,$808.98
142,Avril,Rydzynski,5862 Huxley Lane,Young America,Minnesota,55557,laser,Automotive,$203.42
143,Eirena,Stancliffe,8616 Westend Parkway,Miami,Florida,33233,china-unionpay,Home,$39.79
144,Ladonna,Tyson,08055 Sugar Circle,New York City,New York,10120,jcb,Health,$845.25
145,Case,Stonner,65 Debra Point,New Haven,Connecticut,06520,jcb,Baby,$407.27
146,Krista,Sommers,50 Golf Course Court,Amarillo,Texas,79105,mastercard,Beauty,$641.75
147,Nicol,Barford,9061 Talisman Lane,Maple Plain,Minnesota,55579,americanexpress,Electronics,$909.46
148,Josy,Brownlee,98 Del Sol Center,Ann Arbor,Michigan,48107,laser,Sports,$942.36
149,Janka,Corrington,3 Washington Drive,Oceanside,California,92056,diners-club-us-ca,Games,$261.26
150,Trixie,Wareham,6 Sugar Street,Temple,Texas,76505,jcb,Sports,$262.74
151,Cristina,Gerish,62 Leroy Lane,Oklahoma City,Oklahoma,73190,visa-electron,Home,$579.45
152,Penny,de la Valette Parisot,9 Debs Alley,New York City,New York,10150,jcb,Beauty,$507.86
153,Ashly,Giraldez,14 Kennedy Court,Memphis,Tennessee,38143,diners-club-carte-blanche,Grocery,$681.98
154,Hogan,Briant,0449 Rutledge Place,Houston,Texas,77060,jcb,Kids,$312.12
155,Sandy,Randles,85227 Vidon Trail,Chula Vista,California,91913,jcb,Garden,$458.44
156,Allie,Northbridge,494 Vidon Hill,Naples,Florida,33963,solo,Movies,$813.82
157,Anabella,Neles,85 Hooker Drive,Houston,Texas,77095,solo,Shoes,$8.29
158,Jorie,Rude,4658 Becker Road,San Antonio,Texas,78255,maestro,Shoes,$159.94
159,Fred,Luety,5 Holmberg Court,San Francisco,California,94169,maestro,Shoes,$296.18
160,Margo,Dradey,9 Arkansas Lane,Minneapolis,Minnesota,55446,mastercard,Tools,$378.27
161,Emelita,Fricke,57540 Arizona Terrace,Austin,Texas,78749,visa,Industrial,$115.33
162,Nolie,Sudran,59 Browning Road,Milwaukee,Wisconsin,53205,bankcard,Movies,$822.63
163,Esta,Djordjevic,6 Golf Parkway,Dayton,Ohio,45440,mastercard,Electronics,$466.24
164,Gretal,Dyhouse,2225 Clove Junction,Arlington,Virginia,22212,mastercard,Jewelery,$743.41
165,Ronni,Petracek,7 Northview Crossing,Memphis,Tennessee,38150,mastercard,Computers,$503.00
166,Vere,Puttick,2022 Oakridge Point,Phoenix,Arizona,85040,switch,Home,$336.69
167,Franky,Dannehl,6420 Golf Course Road,Norwalk,Connecticut,06854,diners-club-us-ca,Baby,$472.22
168,Elsa,Ambler,058 Old Gate Court,Birmingham,Alabama,35205,jcb,Beauty,$695.14
169,Norby,Scurry,559 Arizona Court,Mobile,Alabama,36616,americanexpress,Music,$654.80
170,Oates,Lupson,2 Kingsford Avenue,Escondido,California,92030,jcb,Games,$412.42
171,Terrie,Sommerling,6959 Farmco Park,Sacramento,California,95813,switch,Automotive,$853.61
172,Roseanne,Scotchmoor,99112 Oak Court,Wilkes Barre,Pennsylvania,18763,jcb,Toys,$454.29
173,Jacklyn,Fri,673 Dwight Court,Miami,Florida,33283,jcb,Garden,$376.00
174,Rayner,Bilam,3 Jana Parkway,Miami,Florida,33158,visa-electron,Electronics,$456.80
175,Ahmed,Rothman,12 Waubesa Plaza,Waterbury,Connecticut,06705,jcb,Tools,$456.59
176,Carlen,Lachaize,22 Pleasure Plaza,Memphis,Tennessee,38168,jcb,Health,$622.16
177,Mayor,McNiff,38764 Cordelia Point,Sarasota,Florida,34233,maestro,Home,$458.84
178,Jacqui,Allchorn,6 Oakridge Park,Seattle,Washington,98109,switch,Industrial,$949.83
179,Wolfgang,Hulbert,0922 Red Cloud Center,Washington,District of Columbia,20380,diners-club-enroute,Home,$343.13
180,Harlie,McGuckin,890 Briar Crest Lane,Anaheim,California,92812,jcb,Industrial,$787.26
181,Johna,Tight,39 Prairieview Way,Tampa,Florida,33605,visa,Beauty,$25.96
182,Lief,Stanbra,6 Del Sol Junction,Seattle,Washington,98148,mastercard,Books,$172.66
183,Mano,Gouinlock,176 Schmedeman Avenue,Cedar Rapids,Iowa,52405,maestro,Toys,$666.22
184,Georas,Pero,49627 Dahle Trail,Miami,Florida,33164,china-unionpay,Kids,$423.04
185,Dulce,Schober,0669 Main Terrace,Saint Louis,Missouri,63116,jcb,Electronics,$701.83
186,Lennard,Boxhill,4215 Petterle Street,San Antonio,Texas,78291,jcb,Music,$650.60
187,Putnem,Mapham,7 Veith Point,Mount Vernon,New York,10557,jcb,Automotive,$722.89
188,Bobbye,Midgely,351 Northwestern Point,Raleigh,North Carolina,27615,visa-electron,Beauty,$359.05
189,Mohandis,Janik,49 Commercial Avenue,Albuquerque,New Mexico,87140,visa,Beauty,$296.65
190,Marlee,Pratte,05 Bunker Hill Parkway,El Paso,Texas,88584,diners-club-enroute,Health,$411.93
191,Dotti,Vanshin,2605 Erie Way,Whittier,California,90610,jcb,Toys,$823.96
192,Neil,Kermott,165 Bay Lane,Detroit,Michigan,48295,jcb,Jewelery,$19.43
193,Matilde,Bertomier,975 Northview Way,Monticello,Minnesota,55590,jcb,Electronics,$888.99
194,Lorettalorna,Lawlor,8042 Mariners Cove Hill,Wichita,Kansas,67215,maestro,Sports,$64.89
195,Cory,Vokes,648 4th Pass,Killeen,Texas,76544,diners-club-carte-blanche,Electronics,$563.22
196,Ber,O'Scollee,91817 Reinke Junction,El Paso,Texas,88541,jcb,Shoes,$942.01
197,Valentino,Preto,433 Old Gate Point,Des Moines,Iowa,50305,jcb,Baby,$966.07
198,Jandy,Lindmark,30175 Lake View Hill,Battle Creek,Michigan,49018,maestro,Automotive,$464.62
199,Dawna,Bosnell,4 Jana Road,Washington,District of Columbia,20414,jcb,Kids,$402.25
200,Mehetabel,Honig,63 Sunbrook Way,Flint,Michigan,48550,mastercard,Beauty,$765.09
201,Emilee,Redsall,16167 Forest Plaza,Silver Spring,Maryland,20910,mastercard,Home,$156.63
202,Lydie,Heindrich,9990 Warner Terrace,Silver Spring,Maryland,20918,americanexpress,Beauty,$591.94
203,Myer,Jerdon,54013 Village Green Park,Lincoln,Nebraska,68517,jcb,Garden,$322.42
204,Annmarie,Greystoke,638 Westridge Pass,Chandler,Arizona,85246,jcb,Automotive,$429.43
205,Elfie,Cuttings,5 Green Ridge Trail,Pittsburgh,Pennsylvania,15215,americanexpress,Outdoors,$271.44
206,Charity,Danneil,7766 Eastlawn Pass,Youngstown,Ohio,44511,switch,Sports,$996.00
207,Alwyn,Tongue,0828 Lunder Pass,Phoenix,Arizona,85045,jcb,Sports,$650.74
208,Kendra,Waggett,9911 Carioca Alley,Hot Springs National Park,Arkansas,71914,diners-club-carte-blanche,Sports,$895.84
209,Darice,Pescott,49821 Moland Place,Greensboro,North Carolina,27425,jcb,Beauty,$289.20
210,Myranda,Dashper,111 Karstens Circle,Boise,Idaho,83727,jcb,Home,$798.84
211,Murdock,Lillgard,7 Autumn Leaf Road,Seattle,Washington,98115,jcb,Automotive,$407.30
212,Doralyn,Bowness,0 Arrowood Lane,San Antonio,Texas,78265,china-unionpay,Electronics,$991.65
213,Glenn,Ludovico,1646 Nova Lane,Washington,District of Columbia,20099,visa-electron,Beauty,$329.79
214,Edlin,Ellings,027 Little Fleur Avenue,Washington,District of Columbia,20238,jcb,Jewelery,$858.48
215,Meriel,Tolfrey,676 American Ash Drive,Riverside,California,92519,diners-club-carte-blanche,Computers,$582.32
216,Idalina,Bovingdon,4 Scoville Park,Richmond,Virginia,23208,jcb,Outdoors,$829.38
217,Mariette,Garlinge,28 Manitowish Avenue,Boca Raton,Florida,33432,visa-electron,Home,$756.25
218,Bertine,Odby,476 Menomonie Parkway,Newark,New Jersey,07188,mastercard,Sports,$922.58
219,Lorrayne,Rignall,66305 Brentwood Way,San Diego,California,92110,jcb,Tools,$938.96
220,Yulma,Scocroft,26 Bellgrove Point,Odessa,Texas,79764,jcb,Beauty,$768.17
221,Pegeen,Tomich,57 Mayfield Drive,Philadelphia,Pennsylvania,19120,jcb,Automotive,$716.70
222,Mycah,Serrier,74 Charing Cross Court,San Jose,California,95173,visa,Baby,$651.78
223,Brendin,Maplestone,57 Brentwood Plaza,Minneapolis,Minnesota,55428,laser,Health,$227.51
224,Whitman,Blumer,7582 Del Sol Lane,Lakewood,Washington,98498,switch,Computers,$64.26
225,Waite,Faulconer,7 Golf Park,Portland,Oregon,97271,jcb,Clothing,$103.12
226,Elmira,Tedahl,64934 Lillian Avenue,Winston Salem,North Carolina,27157,jcb,Industrial,$298.21
227,Mirabelle,Shervil,59 Stone Corner Court,Bronx,New York,10464,jcb,Shoes,$110.53
228,Keane,Champkin,3189 Summer Ridge Parkway,Grand Rapids,Michigan,49510,mastercard,Games,$596.88
229,Hagen,Filippyev,479 Sunnyside Way,Boston,Massachusetts,02203,mastercard,Clothing,$254.45
230,Chico,Rossbrooke,4176 Southridge Street,Shreveport,Louisiana,71130,switch,Electronics,$593.91
231,Rouvin,Macias,5867 Manufacturers Circle,Charleston,West Virginia,25321,mastercard,Games,$9.48
232,Ellary,Willes,327 Mandrake Circle,Kansas City,Missouri,64125,jcb,Clothing,$895.42
233,Benjamin,Bottrill,0388 Forest Road,Chicago,Illinois,60681,diners-club-carte-blanche,Baby,$475.91
234,Erin,Winterton,127 Anthes Crossing,White Plains,New York,10606,jcb,Games,$612.39
235,Jemmie,Trematick,979 Hooker Avenue,New York City,New York,10099,jcb,Electronics,$965.01
236,Artus,Rolfe,080 Northland Pass,Largo,Florida,34643,bankcard,Electronics,$250.69
237,Guillermo,Popham,56484 Ohio Parkway,Roanoke,Virginia,24029,jcb,Grocery,$350.36
238,Calla,Eshelby,099 Sugar Drive,Louisville,Kentucky,40280,jcb,Outdoors,$543.68
239,Tilda,Cargo,1095 Emmet Drive,Las Vegas,Nevada,89140,visa-electron,Sports,$506.74
240,Donni,Billington,01250 Reinke Park,Lubbock,Texas,79415,jcb,Health,$170.30
241,Annalise,Manifold,3 Forster Street,Alexandria,Virginia,22309,jcb,Computers,$368.70
242,Gunther,Maydway,4221 Porter Terrace,Torrance,California,90505,jcb,Industrial,$402.78
243,Murray,Phelan,6795 North Place,San Jose,California,95138,mastercard,Computers,$912.98
244,Filia,Channing,64926 Corscot Way,Chandler,Arizona,85246,laser,Tools,$719.83
245,Lorena,Garmey,54 Tennyson Court,Springfield,Massachusetts,01152,mastercard,Automotive,$246.30
246,Erroll,Darville,1108 Mcguire Terrace,Chicago,Illinois,60681,maestro,Clothing,$614.65
247,Noellyn,Gensavage,76758 Carpenter Terrace,Mesa,Arizona,85210,diners-club-enroute,Industrial,$442.92
248,Hilde,MacDiarmond,41 Anzinger Road,Valdosta,Georgia,31605,jcb,Home,$444.34
249,Wolf,Wysome,7041 Walton Drive,Sacramento,California,94237,jcb,Computers,$58.28
250,Micah,Harford,827 Arkansas Junction,Tallahassee,Florida,32304,mastercard,Home,$329.67
251,Yvonne,Georgievski,71 Red Cloud Point,Buffalo,New York,14225,jcb,Books,$219.07
252,Norris,Wallsworth,87199 Northport Circle,Austin,Texas,78769,visa,Home,$722.20
253,Marchall,Sumpton,55874 Hanover Trail,Atlanta,Georgia,30368,jcb,Jewelery,$847.23
254,Daniele,Schust,7510 Sloan Court,Salt Lake City,Utah,84125,laser,Outdoors,$527.81
255,Merry,Mahaddie,09 Cambridge Point,Lubbock,Texas,79405,jcb,Movies,$85.58
256,Mirelle,Scotford,87626 Dunning Drive,Odessa,Texas,79769,bankcard,Clothing,$812.22
257,Nataline,Shorto,4459 Arizona Pass,Memphis,Tennessee,38131,jcb,Games,$620.14
258,Zsa zsa,Cashell,973 Merchant Center,Miami,Florida,33283,jcb,Sports,$968.97
259,Nollie,Denisevich,4249 Kedzie Street,Washington,District of Columbia,20456,instapayment,Industrial,$223.18
260,Orelie,Wreath,0168 Novick Court,Hamilton,Ohio,45020,solo,Books,$623.72
261,Benny,Blackmuir,0076 Badeau Way,Philadelphia,Pennsylvania,19172,americanexpress,Jewelery,$769.80
262,Ian,Dowglass,1285 Green Ridge Park,Miami,Florida,33185,diners-club-carte-blanche,Beauty,$560.04
263,Susannah,Rosier,7726 Surrey Lane,North Hollywood,California,91616,china-unionpay,Movies,$673.04
264,Mart,Daintry,8370 Duke Way,Fort Worth,Texas,76134,jcb,Health,$626.21
265,Basilius,Rogeron,691 Bartelt Lane,Washington,District of Columbia,20022,maestro,Beauty,$485.53
266,Sibyl,Print,09 Rigney Court,Cincinnati,Ohio,45243,jcb,Music,$517.72
267,Gabriello,Gaskoin,17524 Brentwood Court,Milwaukee,Wisconsin,53234,mastercard,Computers,$789.23
268,Orly,Mouth,26 8th Way,Pittsburgh,Pennsylvania,15235,maestro,Sports,$736.24
269,Lucie,Armistead,54 Gateway Point,Boise,Idaho,83757,mastercard,Tools,$253.41
270,Curcio,Habercham,65664 Armistice Drive,Gadsden,Alabama,35905,laser,Industrial,$967.55
271,Ceil,Pennyman,43345 Fieldstone Hill,Tucson,Arizona,85748,jcb,Electronics,$537.46
272,Gil,Ambler,6165 Cottonwood Way,Los Angeles,California,90020,jcb,Jewelery,$816.27
273,Alexina,McCrorie,10709 Lyons Place,New York City,New York,10014,jcb,Clothing,$214.38
274,Colman,Polendine,79409 Fair Oaks Drive,Birmingham,Alabama,35254,visa-electron,Music,$659.41
275,Ana,Geane,6 Cardinal Parkway,Orlando,Florida,32830,instapayment,Electronics,$985.26
276,Delmor,Glenwright,49 Lillian Pass,Los Angeles,California,90015,laser,Toys,$68.22
277,Henrieta,Dunkerton,252 Larry Pass,Minneapolis,Minnesota,55458,jcb,Home,$707.24
278,Gavrielle,Oyley,3631 5th Place,Salt Lake City,Utah,84105,china-unionpay,Jewelery,$121.42
279,John,Maddern,48 Golden Leaf Place,Richmond,Virginia,23242,switch,Jewelery,$690.49
280,Dyanne,Brodest,2 Michigan Plaza,Pensacola,Florida,32590,jcb,Beauty,$120.00
281,Humbert,Micah,127 Randy Terrace,Hartford,Connecticut,06140,jcb,Grocery,$913.08
282,Vikky,Littlejohn,7 Moose Point,Boston,Massachusetts,02208,jcb,Sports,$102.30
283,Hayden,Malcher,24630 Luster Way,Sacramento,California,95852,jcb,Baby,$546.95
284,Valaria,Starrs,9866 Union Drive,Chicago,Illinois,60630,jcb,Movies,$329.29
285,Issiah,Shackel,07 Larry Lane,New York City,New York,10024,mastercard,Kids,$356.56
286,Merry,Wheal,276 Farmco Road,Wichita,Kansas,67236,jcb,Garden,$885.73
287,Dukie,Bilfoot,24652 Forster Hill,Vero Beach,Florida,32964,maestro,Toys,$76.67
288,Yorgos,Urien,35051 Hansons Street,New Orleans,Louisiana,70183,visa-electron,Electronics,$106.13
289,Sherie,Chidzoy,31 East Trail,Waco,Texas,76705,switch,Shoes,$614.61
290,Bail,Beathem,07965 Annamark Plaza,Reno,Nevada,89550,mastercard,Industrial,$906.31
291,Oona,McConaghy,9110 Toban Way,Washington,District of Columbia,20073,jcb,Health,$164.08
292,Almire,Bramhill,7529 Nancy Circle,Minneapolis,Minnesota,55487,jcb,Toys,$247.22
293,Leoline,Matussow,748 Esch Court,Paterson,New Jersey,07544,jcb,Grocery,$300.53
294,Barrett,McNern,4645 Barby Terrace,Toledo,Ohio,43610,jcb,Music,$401.87
295,Domingo,Simenot,52 Havey Plaza,Indianapolis,Indiana,46216,mastercard,Games,$77.86
296,Gaston,Josefsson,45254 Montana Avenue,Houston,Texas,77070,mastercard,Computers,$634.97
297,Andy,Etherington,9 Blue Bill Park Park,Tulsa,Oklahoma,74126,jcb,Movies,$191.49
298,Brittan,Mc Caughen,828 Paget Terrace,Raleigh,North Carolina,27610,jcb,Electronics,$753.57
299,Dalton,Tankin,9656 Myrtle Alley,Washington,District of Columbia,20420,visa-electron,Baby,$326.92
300,Stacy,Consadine,46436 Cottonwood Plaza,Mobile,Alabama,36689,solo,Outdoors,$303.15
301,Kermit,Motte,28 Express Court,Washington,District of Columbia,20215,visa-electron,Tools,$913.83
302,Tobey,McCrea,49094 Susan Trail,Philadelphia,Pennsylvania,19172,diners-club-carte-blanche,Automotive,$321.35
303,Jerald,Tulloch,48 Kedzie Pass,Las Vegas,Nevada,89193,jcb,Tools,$173.78
304,Gerrie,Cowpland,93445 Hagan Hill,Colorado Springs,Colorado,80920,laser,Health,$220.14
305,Rasla,Loughnan,88 Kim Plaza,New York City,New York,10175,jcb,Toys,$731.91
306,Drusie,Dennett,699 Farmco Junction,Peoria,Illinois,61651,maestro,Health,$49.84
307,Kale,Dorman,29 Granby Lane,Springfield,Massachusetts,01152,jcb,Health,$911.58
308,Lorraine,Rain,624 Logan Alley,Naples,Florida,34114,switch,Home,$518.03
309,Ulick,Koeppe,695 School Trail,Knoxville,Tennessee,37995,jcb,Industrial,$802.28
310,Clovis,Sendley,3 Straubel Hill,Miami,Florida,33124,jcb,Games,$957.37
311,Griffy,Southcott,98 Twin Pines Trail,Seattle,Washington,98195,maestro,Kids,$326.86
312,Lyndel,Ysson,47114 Truax Park,Sacramento,California,94286,bankcard,Garden,$134.07
313,Ailee,Kellert,29442 Dahle Avenue,Hampton,Virginia,23668,visa-electron,Clothing,$51.84
314,Sosanna,Atteridge,730 Elgar Plaza,Houston,Texas,77206,mastercard,Jewelery,$321.95
315,Melisande,O'Nowlan,2 International Junction,Miami,Florida,33283,laser,Books,$672.73
316,Elbertina,Kanter,6 Judy Parkway,Anchorage,Alaska,99522,mastercard,Automotive,$217.74
317,Isidor,Gillibrand,3794 Grasskamp Parkway,Chicago,Illinois,60641,diners-club-carte-blanche,Movies,$852.16
318,Estele,Chomicki,77 Commercial Center,Raleigh,North Carolina,27690,mastercard,Shoes,$740.72
319,Lou,Chancelier,8 Oriole Parkway,Miami,Florida,33147,bankcard,Toys,$342.05
320,Cynde,Diggell,11585 Porter Avenue,Fullerton,California,92835,jcb,Home,$581.18
321,Mitch,Robke,61942 Nancy Center,Hartford,Connecticut,06152,jcb,Beauty,$3.94
322,Pierette,Creegan,63316 Bobwhite Drive,Milwaukee,Wisconsin,53205,americanexpress,Industrial,$154.52
323,Maia,Santacrole,61364 Northland Junction,Oklahoma City,Oklahoma,73129,bankcard,Baby,$741.06
324,Darryl,Stratton,172 Sherman Lane,Philadelphia,Pennsylvania,19172,visa-electron,Grocery,$741.75
325,Tony,O'Shields,5 Parkside Road,Dayton,Ohio,45470,americanexpress,Music,$472.94
326,Orbadiah,Prando,30951 Duke Street,Newport News,Virginia,23612,jcb,Industrial,$822.11
327,Aldin,Phillcock,8 Redwing Hill,Kansas City,Missouri,64136,visa,Computers,$207.19
328,Jeri,Peachey,8 Shoshone Place,Memphis,Tennessee,38136,visa-electron,Garden,$719.21
329,Darci,Brucker,3 Jana Circle,Philadelphia,Pennsylvania,19172,jcb,Shoes,$92.55
330,Arlan,Fogel,59151 Mitchell Plaza,Richmond,Virginia,23213,jcb,Clothing,$227.18
331,Scottie,Perrott,14533 Monument Parkway,Colorado Springs,Colorado,80930,jcb,Shoes,$971.28
332,Lloyd,Mourge,74018 Lighthouse Bay Pass,Indianapolis,Indiana,46247,bankcard,Grocery,$883.79
333,Arie,Outhwaite,68759 Arizona Avenue,Denver,Colorado,80217,visa,Movies,$444.51
334,George,Mussolini,94 Schmedeman Alley,New York City,New York,10004,mastercard,Electronics,$326.12
335,Benji,Winear,834 Dottie Lane,Washington,District of Columbia,20520,mastercard,Movies,$435.12
336,Rakel,De Domenici,77983 Blaine Drive,Dallas,Texas,75277,diners-club-carte-blanche,Garden,$702.20
337,Berget,Woolaston,6962 Darwin Center,Pasadena,California,91186,jcb,Toys,$219.21
338,Belita,Girke,5 Susan Point,Saint Louis,Missouri,63131,diners-club-enroute,Automotive,$836.24
339,Garry,Springtorp,39 Commercial Terrace,Dallas,Texas,75236,visa,Music,$428.41
340,Rice,Shouler,59632 Harbort Point,Hollywood,Florida,33028,mastercard,Automotive,$797.60
341,Devina,Phetteplace,2801 Bartelt Crossing,Corpus Christi,Texas,78415,jcb,Beauty,$856.81
342,Anastassia,Steele,022 Pankratz Drive,Jamaica,New York,11407,jcb,Outdoors,$101.38
343,Kristoforo,Littlefair,2508 Manley Park,Irvine,California,92710,jcb,Clothing,$647.71
344,Melamie,Gover,9231 Lake View Plaza,Roanoke,Virginia,24029,visa-electron,Home,$658.81
345,Malchy,Quenell,676 Elmside Junction,Springfield,Massachusetts,01152,visa,Toys,$927.86
346,Kerr,Kitcherside,6059 Vera Avenue,Saint Louis,Missouri,63131,jcb,Toys,$455.32
347,Roma,Sommerville,5086 Dryden Crossing,Dayton,Ohio,45414,mastercard,Shoes,$598.36
348,Grant,Matzel,34001 Bonner Trail,Alhambra,California,91841,maestro,Electronics,$670.33
349,Janine,Sudell,5826 Canary Place,Huntington,West Virginia,25711,jcb,Computers,$637.62
350,Stefa,Stobbart,58664 Algoma Avenue,Los Angeles,California,90030,mastercard,Industrial,$680.07
351,Gwendolyn,Froschauer,509 Darwin Terrace,Denver,Colorado,80249,instapayment,Grocery,$576.26
352,Renato,Grishinov,790 Pleasure Lane,Saint Cloud,Minnesota,56398,jcb,Outdoors,$850.69
353,Brandi,Gauthorpp,87418 Logan Point,Birmingham,Alabama,35205,jcb,Home,$693.22
354,Stafford,Blanpein,28708 Stang Circle,Tacoma,Washington,98464,jcb,Books,$906.98
355,Marja,Skocroft,8 Manitowish Lane,Winston Salem,North Carolina,27157,mastercard,Beauty,$441.50
356,Padraic,Crielly,14 Cardinal Circle,Washington,District of Columbia,20414,jcb,Games,$162.15
357,Neddy,Sellstrom,82 Westend Way,Washington,District of Columbia,20540,mastercard,Health,$909.37
358,Harmon,Chadband,29998 New Castle Park,Las Vegas,Nevada,89193,americanexpress,Outdoors,$907.52
359,Corey,Ludy,93 Nova Park,Delray Beach,Florida,33448,jcb,Grocery,$591.46
360,Rik,Sterricker,20 Sunnyside Street,Des Moines,Iowa,50305,diners-club-enroute,Movies,$221.57
361,Kennett,Archibald,45452 Heffernan Court,Mobile,Alabama,36605,solo,Electronics,$219.77
362,Paulie,Beavington,31309 Fulton Drive,Nashville,Tennessee,37250,jcb,Movies,$478.53
363,Candace,Chappelow,37 Spaight Lane,El Paso,Texas,88584,maestro,Books,$670.64
364,Kellie,Mowsley,2674 Ryan Hill,Huntsville,Alabama,35815,jcb,Clothing,$119.28
365,Guinna,Hanshaw,3493 Westridge Park,Las Vegas,Nevada,89193,diners-club-us-ca,Sports,$404.62
366,Mikaela,Cussons,52 Arapahoe Terrace,Wichita,Kansas,67210,jcb,Computers,$367.30
367,Obediah,Doncaster,8 Maywood Place,Hampton,Virginia,23668,switch,Books,$885.81
368,Jakob,Scotchmer,9 Porter Junction,Detroit,Michigan,48242,instapayment,Jewelery,$178.13
369,Graehme,Stokell,3 Lyons Pass,Richmond,Virginia,23237,visa-electron,Shoes,$536.10
370,Phedra,Dubique,1 Bartillon Road,San Antonio,Texas,78225,jcb,Health,$710.50
371,Dacia,Dawbery,6294 East Park,San Rafael,California,94913,jcb,Beauty,$215.77
372,Darrin,Garken,9 Sundown Hill,Manchester,New Hampshire,03105,americanexpress,Health,$479.64
373,Sile,Iremonger,622 Iowa Lane,Panama City,Florida,32405,diners-club-enroute,Computers,$317.08
374,Noell,Fawlkes,0054 Kingsford Park,Wilkes Barre,Pennsylvania,18706,jcb,Electronics,$490.18
375,Peterus,Baddiley,60 Anthes Plaza,Dallas,Texas,75392,jcb,Health,$2.33
376,Christin,Camis,82160 Johnson Way,El Paso,Texas,88514,visa,Computers,$505.27
377,Tonnie,Meth,80 Oak Valley Junction,Amarillo,Texas,79182,jcb,Movies,$143.73
378,Kim,Bracegirdle,318 Dexter Terrace,Bellevue,Washington,98008,visa-electron,Movies,$399.34
379,Sutherlan,Tilby,6225 Burrows Drive,Indianapolis,Indiana,46295,visa-electron,Tools,$419.67
380,Karoly,Gabriel,30365 Lyons Hill,Columbia,South Carolina,29215,jcb,Computers,$931.21
381,Levin,Bonallick,6132 Cody Alley,Tucson,Arizona,85715,visa-electron,Books,$327.78
382,Fidelio,Springer,2659 Pond Point,Philadelphia,Pennsylvania,19196,switch,Automotive,$481.70
383,Gillian,Ruddlesden,7 Tony Trail,Staten Island,New York,10305,jcb,Toys,$222.64
384,Winslow,Bausmann,066 Erie Alley,Jackson,Mississippi,39204,jcb,Garden,$390.58
385,Arleyne,Kupke,5 Huxley Place,Colorado Springs,Colorado,80940,jcb,Industrial,$371.38
386,Lynsey,Kesley,3 Glacier Hill Parkway,Las Vegas,Nevada,89166,visa,Books,$233.99
387,Bel,Allsup,5 Lyons Lane,San Antonio,Texas,78225,diners-club-enroute,Toys,$689.27
388,Rooney,Pallant,01650 Eagan Street,Savannah,Georgia,31405,maestro,Clothing,$514.16
389,Nancey,Castelain,02768 Ohio Road,Lake Worth,Florida,33467,jcb,Outdoors,$502.31
390,Audry,Southby,3933 Lerdahl Terrace,Charlottesville,Virginia,22908,visa-electron,Health,$12.94
391,Lonna,Salamon,30651 Kedzie Plaza,Denver,Colorado,80228,solo,Baby,$710.29
392,Haven,Norgan,5430 Center Way,Charleston,West Virginia,25321,maestro,Home,$159.94
393,Coral,Savary,3 Service Hill,Cleveland,Ohio,44177,instapayment,Clothing,$767.08
394,Jeanna,McCrostie,0279 Laurel Way,Saint Louis,Missouri,63158,mastercard,Toys,$221.64
395,Jory,Wiburn,26789 Truax Center,Huntington,West Virginia,25721,maestro,Automotive,$210.82
396,Alfi,Huie,54 Scoville Trail,Rochester,New York,14652,jcb,Beauty,$381.08
397,Ahmed,Everard,50931 4th Drive,Pueblo,Colorado,81005,switch,Tools,$622.50
398,Marlena,Cumpsty,94 Pepper Wood Lane,Saint Paul,Minnesota,55108,visa-electron,Jewelery,$370.40
399,Kev,Mathelon,12 Jana Road,Los Angeles,California,90010,jcb,Health,$303.57
400,Minna,Crofts,6159 Gina Avenue,Fort Wayne,Indiana,46857,jcb,Outdoors,$160.52
401,Jocko,Velden,34627 Victoria Place,Billings,Montana,59112,americanexpress,Tools,$412.14
402,Leoline,Bulfit,065 Tennyson Crossing,Provo,Utah,84605,jcb,Movies,$276.27
403,Ferd,O' Brian,2821 Lakeland Park,Charlotte,North Carolina,28278,jcb,Beauty,$141.41
404,Marthena,Sproul,8 Stang Plaza,Sacramento,California,95865,jcb,Movies,$569.04
405,Nara,Underhill,8842 Village Junction,Austin,Texas,78744,diners-club-enroute,Baby,$775.15
406,Brennen,Koppens,13 Buell Hill,Chicago,Illinois,60697,jcb,Games,$20.94
407,Carola,Salatino,59 Burning Wood Center,Jackson,Mississippi,39236,jcb,Computers,$664.71
408,Athene,Cushelly,5 Blaine Avenue,New Orleans,Louisiana,70165,jcb,Shoes,$966.67
409,Waly,Danielsohn,4250 Hovde Drive,Newton,Massachusetts,02162,diners-club-carte-blanche,Beauty,$179.06
410,Kerby,Battram,8687 Northridge Hill,Portland,Oregon,97232,jcb,Grocery,$236.15
411,Kynthia,Dumphrey,4 Straubel Trail,Bakersfield,California,93305,jcb,Electronics,$257.54
412,Zane,Kitchaside,88 Bluestem Place,Oklahoma City,Oklahoma,73109,americanexpress,Automotive,$554.27
413,Mimi,Flute,47 Ludington Street,Boston,Massachusetts,02104,maestro,Electronics,$218.70
414,Daisey,Haccleton,32293 Melvin Center,Scottsdale,Arizona,85271,jcb,Shoes,$137.49
415,Emylee,Biddulph,94883 Stone Corner Terrace,Raleigh,North Carolina,27690,jcb,Garden,$86.09
416,Carine,Thying,19972 Banding Park,Charlotte,North Carolina,28256,maestro,Garden,$932.68
417,Gabey,Jauncey,54230 Lien Trail,Chicago,Illinois,60669,jcb,Games,$482.49
418,Granville,Pipping,17859 Buell Terrace,Phoenix,Arizona,85040,jcb,Baby,$164.10
419,Evvy,Shirrell,13 John Wall Circle,Cincinnati,Ohio,45249,visa,Industrial,$467.92
420,Devi,Tithecote,6236 Fremont Way,Chicago,Illinois,60674,maestro,Sports,$216.22
421,Chrissy,Langeley,469 Sunfield Place,Cincinnati,Ohio,45243,jcb,Toys,$846.72
422,Harmonie,Kinneir,45185 Glacier Hill Parkway,Orlando,Florida,32830,jcb,Shoes,$96.87
423,Angelle,Dumblton,538 Cottonwood Avenue,Memphis,Tennessee,38109,jcb,Industrial,$197.60
424,Freddi,Culcheth,25449 Londonderry Road,Dayton,Ohio,45426,diners-club-carte-blanche,Games,$846.08
425,Herb,Toffoletto,1756 Mallard Hill,Wichita,Kansas,67260,maestro,Automotive,$244.01
426,Mahmud,Hinz,53 Monument Trail,New York City,New York,10292,jcb,Games,$626.27
427,Gwen,Gammet,53712 Lotheville Parkway,Pittsburgh,Pennsylvania,15205,maestro,Baby,$899.80
428,Hedi,Cholerton,99 Scofield Hill,Huntington,West Virginia,25709,diners-club-enroute,Outdoors,$294.38
429,Zaneta,Greger,19443 Veith Circle,San Bernardino,California,92415,instapayment,Tools,$661.52
430,Kathleen,Spavon,98718 Bay Place,Long Beach,California,90840,jcb,Grocery,$724.09
431,Stefania,Hasely,335 Sycamore Park,Corpus Christi,Texas,78405,jcb,Music,$704.37
432,Karyn,Burghill,03 Loftsgordon Circle,Amarillo,Texas,79118,diners-club-enroute,Jewelery,$354.17
433,Mathe,Charge,5650 Emmet Junction,Dallas,Texas,75236,china-unionpay,Movies,$227.10
434,Frayda,Rooms,025 Larry Terrace,Spring Hill,Florida,34611,jcb,Home,$319.28
435,Howie,Wakley,93123 Waxwing Center,Amarillo,Texas,79105,visa,Automotive,$949.47
436,Simone,Butland,90 Hudson Junction,Lubbock,Texas,79415,jcb,Toys,$636.24
437,Emyle,Judson,59 Hanover Crossing,Washington,District of Columbia,20210,jcb,Baby,$535.29
438,Hasheem,Orkney,11018 Johnson Drive,Waltham,Massachusetts,02453,jcb,Beauty,$759.68
439,Alaster,Bernhardt,171 Golden Leaf Hill,Tampa,Florida,33620,diners-club-international,Beauty,$942.05
440,Nobie,Wiley,25745 Hansons Terrace,Washington,District of Columbia,20404,maestro,Grocery,$586.41
441,Dannie,Hinchshaw,9993 Melrose Avenue,Orlando,Florida,32854,jcb,Sports,$29.27
442,Mariann,Pickerill,98 Merry Point,Buffalo,New York,14205,mastercard,Home,$868.62
443,Filia,Bursnall,3558 West Trail,Miami,Florida,33153,maestro,Baby,$522.33
444,Russ,Curryer,1 Raven Pass,El Paso,Texas,79911,jcb,Movies,$150.92
445,Delora,Pearse,6 Lakewood Point,Grand Rapids,Michigan,49560,visa-electron,Movies,$95.98
446,Jonathon,Olivella,7 Ridgeview Park,Pasadena,California,91125,jcb,Electronics,$567.51
447,Morganne,Parmby,1 Jackson Junction,Phoenix,Arizona,85099,switch,Garden,$361.44
448,Ingelbert,Jikovsky,61943 Huxley Road,Warren,Michigan,48092,diners-club-enroute,Automotive,$861.60
449,Nikolia,Gerrad,69163 Chive Drive,Sioux City,Iowa,51105,jcb,Books,$860.77
450,Joell,Mainson,6 Lerdahl Road,Atlanta,Georgia,30368,maestro,Automotive,$255.37
451,Aubry,Lemmon,9 Prairie Rose Terrace,Columbia,South Carolina,29208,mastercard,Shoes,$978.51
452,Bette,Frantzen,5 Hudson Junction,Boston,Massachusetts,02298,jcb,Sports,$695.37
453,Cristabel,Pershouse,21683 Manley Drive,New York City,New York,10155,americanexpress,Beauty,$684.28
454,Georgianne,Menure,1 Anniversary Park,Lima,Ohio,45807,switch,Shoes,$522.79
455,Niles,Ewdale,68698 Ridgeview Terrace,Austin,Texas,78715,bankcard,Electronics,$874.36
456,Talya,Hlavac,637 Rusk Parkway,Phoenix,Arizona,85083,jcb,Music,$810.24
457,Chelsie,Hughson,432 Eastlawn Point,Des Moines,Iowa,50393,diners-club-carte-blanche,Outdoors,$745.74
458,Jennee,Imlaw,047 Fieldstone Junction,Columbia,South Carolina,29225,jcb,Baby,$737.16
459,Lira,Bartunek,993 Loomis Pass,Pittsburgh,Pennsylvania,15274,solo,Computers,$412.84
460,Kelsi,Paradine,871 Heath Way,Omaha,Nebraska,68134,laser,Jewelery,$738.35
461,Maryanna,Colecrough,096 Meadow Valley Trail,Los Angeles,California,90040,jcb,Movies,$328.72
462,Genna,MacFarland,942 Mccormick Center,Dallas,Texas,75358,jcb,Sports,$298.39
463,Michele,Baraja,8 Pine View Pass,Los Angeles,California,90050,americanexpress,Grocery,$823.64
464,Adara,Sokell,4902 Pine View Drive,Tyler,Texas,75799,mastercard,Clothing,$225.36
465,Judah,Pimmocke,159 Mcguire Street,Saint Cloud,Minnesota,56372,diners-club-us-ca,Outdoors,$42.10
466,Kippie,Lotherington,94185 Forest Run Court,Odessa,Texas,79764,diners-club-carte-blanche,Automotive,$718.92
467,Benedicta,Ainley,093 Dawn Pass,Canton,Ohio,44705,mastercard,Computers,$416.88
468,Seth,Filipiak,9 Oak Valley Plaza,Salt Lake City,Utah,84105,visa,Computers,$690.06
469,Svend,Colleer,6234 Union Road,Richmond,Virginia,23220,instapayment,Home,$515.86
470,Goober,Leale,9089 Vahlen Trail,Gilbert,Arizona,85297,laser,Toys,$818.46
471,Kimberlee,Kleuer,60 Jackson Park,Philadelphia,Pennsylvania,19178,jcb,Clothing,$29.95
472,Staci,Haddinton,04216 Marquette Parkway,Youngstown,Ohio,44505,diners-club-carte-blanche,Toys,$12.43
473,Damien,Lye,07268 Southridge Drive,Memphis,Tennessee,38126,jcb,Outdoors,$785.46
474,Tab,Mingaud,28131 Anderson Terrace,Chicago,Illinois,60697,visa-electron,Industrial,$766.49
475,Suellen,Honacker,26 Dawn Park,Littleton,Colorado,80127,maestro,Computers,$638.43
476,Krissy,Dean,75 Forest Terrace,El Paso,Texas,88519,jcb,Clothing,$5.69
477,Danni,Heselwood,261 Randy Point,Greenville,South Carolina,29605,switch,Beauty,$533.36
478,Jayson,Crewes,553 Spohn Court,Albuquerque,New Mexico,87195,jcb,Jewelery,$882.61
479,Dannie,Dulanty,3 Veith Circle,Newark,Delaware,19714,jcb,Movies,$997.65
480,Marijn,Latch,8 Alpine Plaza,Roanoke,Virginia,24024,jcb,Movies,$76.70
481,Bordie,Menlove,146 Onsgard Lane,Brooklyn,New York,11231,diners-club-enroute,Clothing,$214.52
482,Arlina,Bonnett,635 Ridgeview Way,El Paso,Texas,79955,jcb,Tools,$308.26
483,Allie,Bauman,4098 Meadow Vale Crossing,New York City,New York,10079,china-unionpay,Baby,$63.38
484,Constantin,Neno,6564 Westerfield Park,Sacramento,California,94257,diners-club-enroute,Beauty,$331.13
485,Rayner,Mallan,78 Sauthoff Crossing,Lubbock,Texas,79491,jcb,Home,$946.68
486,Rainer,Jennery,5 Hagan Center,Hialeah,Florida,33018,maestro,Electronics,$13.12
487,Kassia,Oglethorpe,350 Waxwing Crossing,Saint Petersburg,Florida,33742,bankcard,Tools,$218.48
488,Ely,Brigge,7 Chive Alley,Reston,Virginia,22096,visa,Industrial,$927.74
489,Isadore,Mathieson,775 Stuart Parkway,Hialeah,Florida,33018,jcb,Outdoors,$620.43
490,Jefferey,Dalliwater,9866 School Park,Peoria,Illinois,61605,diners-club-international,Music,$810.36
491,Adair,Yantsurev,3887 Farmco Avenue,Corpus Christi,Texas,78426,jcb,Industrial,$964.77
492,Algernon,Kelleway,7322 Sunfield Point,New Haven,Connecticut,06520,mastercard,Movies,$413.25
493,Hastie,Sissot,58555 Independence Parkway,Grand Junction,Colorado,81505,jcb,Home,$287.90
494,Sven,Govan,37 Vermont Alley,Shreveport,Louisiana,71105,jcb,Electronics,$80.08
495,Justina,Ruddock,44 Warrior Trail,Atlanta,Georgia,30380,jcb,Tools,$592.59
496,Edee,Kloska,683 Lotheville Center,Denver,Colorado,80243,jcb,Baby,$944.52
497,Carmelita,Copping,295 Forest Lane,Fayetteville,North Carolina,28314,jcb,Tools,$610.00
498,Garrard,Oddie,56 Mallard Street,Macon,Georgia,31210,solo,Sports,$17.88
499,Dominique,Burford,741 Eastwood Trail,Tacoma,Washington,98481,visa,Kids,$48.39
500,Remy,Dent,23991 Maple Wood Pass,Sarasota,Florida,34238,switch,Industrial,$804.63
501,Becky,Raittie,069 Hazelcrest Place,Odessa,Texas,79769,americanexpress,Games,$540.32
502,Orbadiah,Sallis,395 Emmet Hill,Phoenix,Arizona,85005,visa-electron,Home,$928.16
503,Roby,Domonkos,744 Oak Valley Circle,Everett,Washington,98206,laser,Computers,$664.24
504,Karlotta,Barzen,1 Arizona Street,San Jose,California,95194,mastercard,Jewelery,$970.62
505,Jolyn,Franzelini,6 John Wall Road,Alpharetta,Georgia,30022,switch,Movies,$298.23
506,Hewie,Womack,05 Stang Point,San Antonio,Texas,78255,diners-club-carte-blanche,Automotive,$885.31
507,Persis,Fivey,00 Vidon Plaza,Milwaukee,Wisconsin,53263,jcb,Tools,$31.33
508,Aleta,Waind,2 Randy Court,Atlanta,Georgia,31119,americanexpress,Outdoors,$606.65
509,Sigismund,Moncreiffe,54 Derek Parkway,Temple,Texas,76505,maestro,Computers,$387.66
510,Sandy,Eixenberger,998 5th Parkway,Lake Worth,Florida,33462,jcb,Books,$685.47
511,Natka,Braniff,71 Fisk Parkway,Toledo,Ohio,43615,maestro,Electronics,$459.02
512,Cathrin,Branwhite,43206 Namekagon Parkway,Trenton,New Jersey,08619,diners-club-enroute,Books,$142.79
513,Sayre,Gooding,101 Iowa Center,Bronx,New York,10464,jcb,Games,$570.98
514,Husein,Gutridge,52739 Hermina Circle,Dallas,Texas,75265,diners-club-carte-blanche,Automotive,$576.09
515,Elfrieda,Breslane,753 Bultman Lane,Toledo,Ohio,43699,bankcard,Tools,$440.95
516,Bastian,Son,040 Spenser Court,Washington,District of Columbia,20310,jcb,Tools,$229.35
517,Jillana,Lent,161 Hoard Point,Waco,Texas,76705,jcb,Jewelery,$268.95
518,Tabby,Felkin,70861 Prairie Rose Avenue,Houston,Texas,77085,visa-electron,Baby,$790.90
519,Marj,Oakes,57 Starling Parkway,Norwalk,Connecticut,06854,diners-club-international,Books,$580.03
520,Margit,Callinan,2871 Pepper Wood Hill,Baton Rouge,Louisiana,70820,switch,Clothing,$168.79
521,Andres,Faussett,6300 Hudson Alley,Lincoln,Nebraska,68524,maestro,Outdoors,$223.07
522,Gillie,Shinn,82252 Blue Bill Park Terrace,Young America,Minnesota,55564,china-unionpay,Garden,$605.39
523,Sydney,Frid,22425 Columbus Terrace,Harrisburg,Pennsylvania,17105,jcb,Electronics,$910.67
524,Merv,Czajka,79380 Logan Way,Cleveland,Ohio,44118,diners-club-enroute,Games,$153.84
525,Jyoti,Haithwaite,8 Rusk Trail,Toledo,Ohio,43615,jcb,Health,$847.93
526,Liva,Dudney,43 Straubel Crossing,Kansas City,Missouri,64136,jcb,Computers,$616.30
527,Gearard,Doggrell,145 Mendota Parkway,Fort Worth,Texas,76192,diners-club-us-ca,Outdoors,$690.81
528,Norbie,Brinkworth,4763 Hagan Terrace,Minneapolis,Minnesota,55458,mastercard,Beauty,$109.40
529,Deirdre,Faulks,12196 Pine View Plaza,Jacksonville,Florida,32220,jcb,Toys,$252.74
530,Alvina,Bebbington,44842 Packers Avenue,Des Moines,Iowa,50335,jcb,Movies,$680.85
531,Penelope,Deverose,5116 Fisk Parkway,Los Angeles,California,90055,switch,Beauty,$534.36
532,Nero,Poles,89738 Dunning Point,Augusta,Georgia,30905,jcb,Electronics,$39.52
533,Amitie,Humbee,527 Kim Center,Tempe,Arizona,85284,jcb,Automotive,$784.90
534,Javier,Rean,78 Hoard Trail,Schenectady,New York,12325,diners-club-enroute,Grocery,$67.87
535,Crysta,De Ruel,421 Delladonna Hill,Salt Lake City,Utah,84170,jcb,Sports,$819.37
536,Scot,McColm,75 Blaine Pass,Indianapolis,Indiana,46207,laser,Automotive,$611.74
537,Maynord,Shrimpling,2699 Melrose Crossing,New Orleans,Louisiana,70142,jcb,Jewelery,$703.65
538,Kellsie,O'Crotty,7 Huxley Plaza,Roanoke,Virginia,24014,mastercard,Health,$967.54
539,Silvio,Archibald,210 Butternut Way,Santa Monica,California,90410,jcb,Outdoors,$377.99
540,Any,Smeuin,3 Beilfuss Pass,Prescott,Arizona,86305,jcb,Shoes,$900.61
541,Haroun,Gillis,3 Artisan Drive,Kansas City,Missouri,64179,jcb,Clothing,$106.44
542,Mervin,Tissington,2400 Buell Avenue,Columbus,Mississippi,39705,mastercard,Baby,$534.61
543,Ashly,Lembrick,065 Browning Road,Fort Lauderdale,Florida,33345,diners-club-carte-blanche,Toys,$216.56
544,Gunilla,Kaas,54990 Grasskamp Center,Detroit,Michigan,48232,instapayment,Home,$793.79
545,Betti,Bulcroft,4940 Victoria Alley,Fort Worth,Texas,76147,jcb,Baby,$609.24
546,Taylor,Baulk,6306 Heath Plaza,Denton,Texas,76205,visa-electron,Tools,$22.65
547,Cly,Phlipon,6640 East Center,Dallas,Texas,75236,maestro,Sports,$638.89
548,Marnia,Perrin,9281 Bowman Alley,Houston,Texas,77201,jcb,Grocery,$198.23
549,Charlene,Crump,65587 Hazelcrest Street,Houston,Texas,77010,diners-club-international,Jewelery,$787.61
550,Kennith,Girardini,24233 Longview Road,Atlanta,Georgia,30351,jcb,Movies,$652.42
551,Darya,Collishaw,03 Atwood Trail,Los Angeles,California,90010,jcb,Music,$519.67
552,Pepillo,Passo,35065 Marquette Junction,Houston,Texas,77260,jcb,Clothing,$521.35
553,Maddy,Spong,4 Dixon Drive,Honolulu,Hawaii,96840,bankcard,Computers,$772.06
554,Wally,Mochan,3 Sycamore Alley,Long Beach,California,90810,maestro,Games,$4.59
555,Maris,Roalfe,15 Westerfield Terrace,Beaumont,Texas,77713,switch,Computers,$198.27
556,Kameko,Treacy,97489 Burrows Circle,Athens,Georgia,30610,jcb,Books,$973.42
557,Gardiner,Chastagnier,9366 Sachtjen Alley,Sacramento,California,94250,jcb,Clothing,$50.47
558,Leeann,Mandres,968 Jenna Terrace,Washington,District of Columbia,20016,jcb,Shoes,$54.84
559,Brok,Halgarth,92 Pierstorff Lane,Sacramento,California,94207,maestro,Jewelery,$900.04
560,Sawyere,Holleran,8 Shasta Crossing,San Jose,California,95123,switch,Home,$366.84
561,Cale,Dumbare,2 Trailsway Alley,Macon,Georgia,31210,americanexpress,Music,$519.88
562,Nickie,Blincowe,9 Hudson Avenue,Sacramento,California,95865,solo,Outdoors,$594.62
563,Myca,Ianetti,1 Ridge Oak Lane,Knoxville,Tennessee,37995,jcb,Automotive,$906.80
564,Poul,Valler,5724 Surrey Trail,El Paso,Texas,88541,bankcard,Toys,$888.67
565,Willi,Landreth,89 Coleman Park,Oklahoma City,Oklahoma,73109,visa-electron,Kids,$870.75
566,Elysee,Wixon,9 Sheridan Park,Houston,Texas,77005,mastercard,Toys,$492.93
567,Batsheva,MacKowle,957 Sutteridge Terrace,Pasadena,Texas,77505,diners-club-carte-blanche,Industrial,$796.52
568,Kincaid,Pacht,65553 Melrose Terrace,Oakland,California,94660,diners-club-carte-blanche,Computers,$397.60
569,Delly,Hembery,984 Linden Street,Norwalk,Connecticut,06854,jcb,Jewelery,$485.29
570,Deane,Trahmel,39321 Grasskamp Court,Erie,Pennsylvania,16505,visa-electron,Movies,$175.19
571,Aubert,Birkin,545 Canary Avenue,New Orleans,Louisiana,70142,jcb,Kids,$507.98
572,Becki,Timson,324 Lawn Crossing,San Diego,California,92176,jcb,Games,$430.04
573,Ernestus,Deviney,4586 Myrtle Circle,Las Vegas,Nevada,89155,diners-club-enroute,Garden,$401.06
574,Benji,Foker,8 Towne Point,Indianapolis,Indiana,46221,maestro,Clothing,$386.00
575,Chadwick,Peasee,27 Hanson Way,Erie,Pennsylvania,16505,visa,Tools,$892.60
576,Quint,Breckin,5280 Gateway Street,Dallas,Texas,75379,jcb,Clothing,$716.09
577,Thaddeus,Janouch,76 Texas Drive,Indianapolis,Indiana,46239,diners-club-carte-blanche,Beauty,$705.70
578,Kimmy,Marre,79340 Corscot Street,Lubbock,Texas,79410,laser,Games,$681.19
579,Selma,Kobu,049 Heath Court,Trenton,New Jersey,08603,jcb,Outdoors,$656.04
580,Willyt,Mcwhinnie,1 Ludington Hill,Evansville,Indiana,47705,jcb,Home,$665.17
581,Cari,Arrighi,85 Caliangt Alley,Knoxville,Tennessee,37924,mastercard,Home,$596.03
582,Luca,Benadette,80 Homewood Way,Buffalo,New York,14263,visa-electron,Beauty,$886.41
583,Del,Llewelly,3318 Stephen Alley,Boca Raton,Florida,33487,diners-club-international,Grocery,$464.31
584,Cal,Yedy,12 Upham Junction,Syracuse,New York,13217,diners-club-enroute,Clothing,$848.20
585,Haley,Biddwell,8921 Arapahoe Street,Honolulu,Hawaii,96845,americanexpress,Beauty,$308.85
586,Stacia,McKay,9 Swallow Road,Fort Worth,Texas,76129,diners-club-international,Sports,$915.17
587,Moselle,Shuttell,91 Maryland Point,Jackson,Mississippi,39296,americanexpress,Movies,$811.15
588,Bengt,Meys,4 Roxbury Street,Pasadena,California,91109,laser,Jewelery,$395.38
589,Celisse,Plenderleith,5864 Roxbury Way,Chicago,Illinois,60652,jcb,Industrial,$450.38
590,Sarette,Somers,8 Badeau Trail,Brooklyn,New York,11247,maestro,Clothing,$485.57
591,Danica,Hylton,618 Raven Road,San Diego,California,92191,visa-electron,Garden,$322.32
592,Joane,Van Ross,527 Laurel Drive,Fresno,California,93726,instapayment,Grocery,$827.58
593,Tandy,Nattriss,997 Merchant Avenue,Washington,District of Columbia,20370,jcb,Tools,$546.21
594,Edwina,Farnie,204 Arrowood Avenue,Charlotte,North Carolina,28242,jcb,Outdoors,$463.14
595,Emlynne,Ever,7 2nd Lane,Iowa City,Iowa,52245,mastercard,Games,$554.99
596,Saloma,Rosita,1 Melrose Road,Las Vegas,Nevada,89155,americanexpress,Kids,$879.97
597,Al,Ayliff,65 Oakridge Terrace,College Station,Texas,77844,bankcard,Kids,$298.04
598,Ginny,Purdie,47 Kennedy Terrace,Young America,Minnesota,55557,solo,Movies,$775.52
599,Beryle,Escala,6627 Stoughton Road,Flint,Michigan,48505,bankcard,Jewelery,$942.79
600,Georgianne,Aslam,34 Loftsgordon Alley,Saint Louis,Missouri,63158,jcb,Home,$561.87
601,Wilhelm,Lande,24 Dixon Crossing,Lakeland,Florida,33805,china-unionpay,Clothing,$303.47
602,Claudette,Minker,84092 Stuart Place,Birmingham,Alabama,35285,switch,Jewelery,$232.51
603,Ortensia,Blanch,93873 Lighthouse Bay Crossing,Newark,New Jersey,07104,bankcard,Movies,$997.64
604,Clyde,Poynter,3289 Comanche Parkway,Denver,Colorado,80223,jcb,Books,$116.28
605,Waring,Halkyard,2562 6th Road,Garden Grove,California,92844,jcb,Toys,$800.16
606,Nannie,Akram,378 Calypso Parkway,West Palm Beach,Florida,33421,mastercard,Music,$767.15
607,Paddy,Wynrahame,1 Bowman Trail,Cedar Rapids,Iowa,52405,switch,Kids,$658.59
608,Shem,Roderham,4 Tomscot Drive,Jamaica,New York,11447,americanexpress,Electronics,$50.60
609,Gran,Roslen,98 Corben Circle,San Antonio,Texas,78285,jcb,Music,$39.42
610,Myrtia,O'Hannen,2 Armistice Pass,Denver,Colorado,80228,mastercard,Automotive,$231.31
611,Jammie,Reville,78 Butternut Hill,Little Rock,Arkansas,72204,jcb,Outdoors,$846.64
612,Siusan,Krysiak,8 Lerdahl Circle,Canton,Ohio,44710,maestro,Movies,$481.05
613,Bevvy,Jensen,1 Mendota Park,Anchorage,Alaska,99507,bankcard,Home,$248.74
614,Roddy,Ratchford,51 Mayfield Way,Orange,California,92867,jcb,Health,$675.22
615,Zoe,Upcott,7613 Fuller Point,Pensacola,Florida,32575,mastercard,Industrial,$121.79
616,Tannie,Elmer,132 Anniversary Drive,Pittsburgh,Pennsylvania,15250,jcb,Shoes,$13.24
617,Ericka,Perigo,7 Becker Road,Austin,Texas,78721,switch,Tools,$253.90
618,Gearard,Bordes,05 Arkansas Avenue,Huntington,West Virginia,25775,mastercard,Grocery,$439.12
619,Christoph,Axtell,4 Blaine Alley,Amarillo,Texas,79105,visa-electron,Toys,$606.41
620,Dorothea,Chesman,8 Fisk Crossing,Seattle,Washington,98109,china-unionpay,Industrial,$673.94
621,Thain,Cattemull,90387 Little Fleur Street,West Palm Beach,Florida,33421,mastercard,Home,$134.61
622,Emmet,Getch,33 Sunbrook Crossing,Carlsbad,California,92013,switch,Books,$614.28
623,Cos,Eley,606 Mockingbird Point,Portland,Oregon,97206,jcb,Beauty,$195.72
624,Karyn,Muncey,161 Main Alley,Jamaica,New York,11499,switch,Sports,$609.10
625,Ingra,Murrock,278 Farmco Junction,Cincinnati,Ohio,45999,visa-electron,Shoes,$802.14
626,Emyle,Goodlatt,81303 Derek Lane,Indianapolis,Indiana,46278,diners-club-us-ca,Music,$783.95
627,Daria,Peasby,6 Petterle Lane,Washington,District of Columbia,20260,jcb,Home,$789.15
628,Caddric,McTerrelly,8214 Elka Road,Houston,Texas,77240,americanexpress,Jewelery,$18.39
629,Clevey,Hyde,3557 Logan Court,Springfield,Missouri,65805,maestro,Tools,$637.07
630,Alexis,Bus,04 Bonner Crossing,Visalia,California,93291,switch,Books,$595.99
631,Barry,Vogelein,1 Hagan Circle,Austin,Texas,78759,jcb,Clothing,$141.79
632,Leonidas,Kleuer,8 Barnett Park,Washington,District of Columbia,20442,jcb,Books,$558.21
633,Giuditta,Tomaszewski,826 Jay Circle,Lincoln,Nebraska,68531,jcb,Computers,$219.86
634,Jameson,O'Collopy,54 Nobel Hill,Newark,New Jersey,07195,diners-club-international,Computers,$204.45
635,Audy,Slocom,37632 6th Terrace,Virginia Beach,Virginia,23464,jcb,Games,$899.98
636,Hort,Cleare,60 Meadow Ridge Place,Columbus,Ohio,43226,jcb,Tools,$415.88
637,Tybie,Shuttle,12 David Drive,San Jose,California,95123,visa,Beauty,$672.88
638,Land,Marconi,17 Monica Point,San Francisco,California,94126,americanexpress,Movies,$858.92
639,Gael,Bradberry,0 Eagle Crest Street,Columbus,Ohio,43204,switch,Tools,$699.04
640,Dayna,Minkin,1920 Chinook Lane,Richmond,Virginia,23208,laser,Grocery,$878.17
641,Kristian,Juszkiewicz,04 Clarendon Way,Seattle,Washington,98133,americanexpress,Beauty,$24.28
642,Franciskus,Trusler,71839 Forest Run Street,Boca Raton,Florida,33432,americanexpress,Computers,$734.83
643,Floria,Campanelli,64 Thierer Center,San Bernardino,California,92415,mastercard,Health,$92.80
644,Sarena,Ciccetti,93 Pleasure Junction,Raleigh,North Carolina,27626,jcb,Tools,$281.24
645,Lesley,Hingeley,6241 Sutherland Terrace,Atlanta,Georgia,31196,jcb,Grocery,$25.55
646,Lissy,Stanistreet,79932 Rockefeller Trail,Charlotte,North Carolina,28278,jcb,Computers,$660.24
647,Rowney,McKune,84 Little Fleur Junction,Tacoma,Washington,98442,visa,Kids,$658.96
648,Rosabel,Penwright,98 Garrison Trail,Anaheim,California,92805,visa-electron,Books,$434.95
649,Korella,Latliff,06 Arapahoe Street,Spokane,Washington,99252,jcb,Tools,$401.28
650,Dix,Van Vuuren,9773 Heffernan Trail,Erie,Pennsylvania,16550,switch,Toys,$839.80
651,Pollyanna,Stanning,188 Bowman Crossing,Tyler,Texas,75710,jcb,Kids,$525.01
652,Barth,Arias,95654 Anzinger Parkway,San Antonio,Texas,78215,jcb,Electronics,$575.44
653,Kettie,MacCahey,59 Ramsey Center,Green Bay,Wisconsin,54313,jcb,Beauty,$91.08
654,Agnese,Reckhouse,39731 Dorton Parkway,Des Moines,Iowa,50393,bankcard,Kids,$897.95
655,Arnold,Matthis,0732 Acker Avenue,Oakland,California,94611,jcb,Books,$843.06
656,Alejandro,Jepp,68 Lakewood Gardens Circle,Appleton,Wisconsin,54915,jcb,Toys,$711.36
657,Hendrika,Dillimore,23858 Mendota Way,Charleston,South Carolina,29403,jcb,Music,$101.59
658,Phip,Elwel,56700 Debs Hill,Largo,Florida,34643,jcb,Automotive,$955.12
659,Foster,Arni,5677 Dwight Place,Springfield,Missouri,65810,jcb,Clothing,$583.26
660,Doug,Goshawk,1 Coleman Junction,Raleigh,North Carolina,27658,mastercard,Books,$578.61
661,Gavan,Maltster,480 Tennessee Junction,Greenville,South Carolina,29610,maestro,Games,$98.32
662,Flinn,Leadbeatter,19 Northland Place,Fort Myers,Florida,33994,jcb,Electronics,$601.02
663,Ema,Hallawell,85 Drewry Crossing,West Palm Beach,Florida,33421,china-unionpay,Toys,$371.76
664,Rubetta,Gerber,6 Fuller Terrace,Evanston,Illinois,60208,jcb,Tools,$317.81
665,Taryn,Peyes,71904 Quincy Center,Atlanta,Georgia,31196,visa,Outdoors,$929.09
666,Crista,Danell,87 Valley Edge Point,Saint Louis,Missouri,63150,americanexpress,Outdoors,$158.65
667,Dorey,Rhyme,0144 Coolidge Center,Dallas,Texas,75236,jcb,Sports,$958.43
668,Sada,Tingley,8473 Di Loreto Avenue,Columbia,South Carolina,29208,jcb,Toys,$186.80
669,Frazer,Champneys,06 Meadow Vale Place,Hattiesburg,Mississippi,39404,diners-club-enroute,Tools,$255.48
670,Gaultiero,Zanelli,49 American Ash Park,Des Moines,Iowa,50362,laser,Toys,$207.36
671,Gustie,Benns,2544 Johnson Court,Aurora,Colorado,80045,bankcard,Automotive,$210.09
672,Lucie,Cousans,76787 Dovetail Plaza,Scranton,Pennsylvania,18514,jcb,Jewelery,$941.14
673,Hope,Fitchen,4807 Morning Plaza,San Diego,California,92176,switch,Computers,$402.31
674,Nikolas,Shinefield,7436 Roth Street,Washington,District of Columbia,20557,visa-electron,Shoes,$880.02
675,Thomas,Simenet,095 Mockingbird Hill,Indianapolis,Indiana,46226,maestro,Garden,$217.18
676,Darrelle,Anstie,643 La Follette Center,Newton,Massachusetts,02458,visa,Automotive,$962.30
677,Jaquelyn,Scolland,5 Milwaukee Terrace,Dallas,Texas,75221,mastercard,Health,$523.15
678,Reynolds,Lynock,9118 Rockefeller Point,Portland,Oregon,97255,jcb,Sports,$278.35
679,Linus,Robertot,97891 Warbler Street,San Antonio,Texas,78240,bankcard,Sports,$213.26
680,Reed,Feyer,6 Tony Circle,Des Moines,Iowa,50362,jcb,Outdoors,$416.54
681,Belle,Duck,8 Bultman Park,Charlotte,North Carolina,28247,jcb,Jewelery,$267.45
682,Goldina,Gallehock,5 Fulton Center,Cincinnati,Ohio,45254,jcb,Outdoors,$258.61
683,Purcell,Vasilyev,9195 New Castle Trail,Jacksonville,Florida,32230,mastercard,Outdoors,$698.14
684,Otto,Baggaley,735 Merrick Court,Kansas City,Missouri,64179,jcb,Tools,$419.71
685,Antoinette,Kupker,7114 Toban Hill,Ocala,Florida,34479,jcb,Shoes,$67.75
686,Beckie,Mellish,9693 5th Street,Wichita Falls,Texas,76305,switch,Kids,$762.13
687,Arty,Stansall,40 Esch Plaza,Raleigh,North Carolina,27610,americanexpress,Electronics,$941.51
688,Josefina,Marl,04 Donald Park,Houston,Texas,77201,maestro,Home,$200.18
689,Kelila,Summerlee,3883 Artisan Trail,Hyattsville,Maryland,20784,jcb,Outdoors,$305.11
690,Goldi,Diprose,46521 Heath Place,Lafayette,Louisiana,70593,jcb,Clothing,$327.98
691,Maude,Cowp,79526 Corben Park,Los Angeles,California,90025,mastercard,Home,$652.03
692,Adrianne,McMichell,7538 Westridge Alley,Muncie,Indiana,47306,visa-electron,Books,$97.00
693,Clarey,Woolatt,301 Elka Street,Las Vegas,Nevada,89140,diners-club-international,Games,$90.96
694,Bobbette,Zottoli,175 Artisan Trail,Fairbanks,Alaska,99790,china-unionpay,Industrial,$983.17
695,Claudette,Wooster,96712 Macpherson Trail,Pueblo,Colorado,81015,jcb,Movies,$403.49
696,Drucill,Juares,41239 Bultman Trail,Pittsburgh,Pennsylvania,15255,mastercard,Outdoors,$141.49
697,Carter,Carr,423 Springview Junction,New York City,New York,10110,diners-club-carte-blanche,Electronics,$904.47
698,Morrie,China,2332 Clarendon Crossing,Orlando,Florida,32830,diners-club-enroute,Beauty,$791.90
699,Bobbette,Gawkes,4 Grayhawk Trail,Portland,Maine,04109,maestro,Tools,$509.56
700,Frankie,Peasgood,26975 Transport Pass,Mesa,Arizona,85205,bankcard,Shoes,$288.20
701,Dniren,Naismith,84 Sundown Road,Chandler,Arizona,85246,jcb,Beauty,$740.98
702,Wood,O'Deoran,19115 Milwaukee Way,Cleveland,Ohio,44125,jcb,Grocery,$127.83
703,Correy,Cannell,7550 Truax Circle,Atlanta,Georgia,31106,jcb,Tools,$962.41
704,Bevon,Pressdee,34 Badeau Park,Mesa,Arizona,85205,maestro,Tools,$753.01
705,Jacklyn,Hatwells,712 Schurz Street,Evansville,Indiana,47725,jcb,Kids,$884.07
706,Annora,Higounet,293 Mccormick Park,Richmond,Virginia,23277,americanexpress,Electronics,$555.01
707,Riccardo,Smalley,014 Kings Pass,Asheville,North Carolina,28815,maestro,Baby,$189.00
708,Lorin,Andreasen,32 Golf View Crossing,Fort Lauderdale,Florida,33355,maestro,Garden,$496.06
709,Kissie,Dafforne,2561 Lien Hill,Elmira,New York,14905,maestro,Electronics,$987.38
710,Shannan,Nickerson,6 Kenwood Crossing,Oklahoma City,Oklahoma,73197,jcb,Tools,$922.98
711,Beverlie,Wisbey,706 Browning Place,Corpus Christi,Texas,78426,jcb,Electronics,$977.74
712,Camel,Chiplin,6 Warrior Road,Columbus,Ohio,43231,switch,Industrial,$509.91
713,Darrel,Hargreave,67029 Blue Bill Park Point,Dallas,Texas,75323,mastercard,Health,$665.58
714,Silvanus,Sirmond,80990 Village Terrace,Wichita Falls,Texas,76305,jcb,Baby,$442.03
715,Edmund,Laurens,5 Eastwood Place,Saint Augustine,Florida,32092,diners-club-enroute,Clothing,$478.97
716,Codi,D'Agostino,776 Evergreen Pass,Houston,Texas,77060,diners-club-international,Jewelery,$963.82
717,Hy,Goodoune,31744 Brickson Park Avenue,Houston,Texas,77020,visa-electron,Garden,$89.29
718,Bord,Kennard,31 Holy Cross Lane,Bradenton,Florida,34210,switch,Outdoors,$440.33
719,Wainwright,Medgwick,24015 Westport Pass,Portland,Oregon,97271,visa-electron,Industrial,$205.10
720,Betsy,Penticost,3 Northridge Circle,North Las Vegas,Nevada,89036,jcb,Books,$826.07
721,Sumner,Lafee,48745 Oriole Park,Riverside,California,92513,americanexpress,Outdoors,$737.19
722,Liliane,Ivamy,132 Holmberg Point,Saint Louis,Missouri,63158,jcb,Jewelery,$925.80
723,Etti,De Domenico,45 Dwight Drive,Indianapolis,Indiana,46226,jcb,Toys,$692.30
724,Panchito,Chaucer,3 Hudson Drive,Wilmington,Delaware,19810,diners-club-us-ca,Outdoors,$296.64
725,Arley,Picker,51465 Northland Crossing,New Orleans,Louisiana,70149,diners-club-enroute,Clothing,$697.03
726,Dominic,Zealy,28337 Arkansas Terrace,Louisville,Kentucky,40250,switch,Music,$338.31
727,Allison,Rizzillo,127 Shelley Junction,Orange,California,92668,laser,Music,$883.80
728,Thibaut,Havard,7 Prairieview Circle,Sarasota,Florida,34276,americanexpress,Music,$520.22
729,D'arcy,Pachmann,31002 Garrison Avenue,Palatine,Illinois,60078,jcb,Beauty,$134.53
730,Meta,Davidwitz,7 Dayton Street,San Francisco,California,94147,jcb,Garden,$634.41
731,Fowler,Egalton,62790 Grasskamp Way,Washington,District of Columbia,20073,bankcard,Industrial,$764.58
732,Alexio,Jermey,119 Merrick Alley,Phoenix,Arizona,85025,jcb,Beauty,$381.67
733,Lauree,Puttick,90318 Waywood Place,Santa Barbara,California,93111,jcb,Electronics,$750.45
734,May,Kinsell,14622 Dovetail Road,Pittsburgh,Pennsylvania,15266,mastercard,Games,$364.38
735,Jonathan,Lack,4653 Anhalt Road,Baltimore,Maryland,21275,jcb,Books,$761.01
736,Teodoro,Yell,534 Kensington Avenue,New York City,New York,10275,diners-club-carte-blanche,Baby,$210.28
737,Helga,Longwood,94510 Sage Circle,Olympia,Washington,98516,instapayment,Industrial,$871.79
738,Alvinia,Bulstrode,9910 Graceland Street,South Bend,Indiana,46634,americanexpress,Sports,$202.25
739,Vivie,Headings,8 Troy Point,Washington,District of Columbia,20503,jcb,Industrial,$460.89
740,Hasheem,Sallowaye,89197 Linden Road,Houston,Texas,77025,china-unionpay,Beauty,$511.92
741,Velvet,Rielly,0 Sugar Center,Greeley,Colorado,80638,maestro,Automotive,$808.15
742,Kipp,Draysay,4 Utah Circle,Baton Rouge,Louisiana,70883,mastercard,Books,$715.29
743,Roselle,Reichardt,07383 Michigan Way,Santa Ana,California,92705,jcb,Shoes,$247.18
744,George,Goman,50 Lakeland Park,Shawnee Mission,Kansas,66210,visa-electron,Electronics,$73.17
745,Clareta,Massenhove,0 Katie Circle,Shreveport,Louisiana,71115,jcb,Kids,$953.88
746,Giulietta,Jereatt,775 Monica Park,Atlanta,Georgia,30375,jcb,Electronics,$47.02
747,Markus,Birmingham,9420 Mcbride Parkway,Houston,Texas,77055,jcb,Toys,$753.48
748,Annnora,Ashman,4700 Straubel Court,Evansville,Indiana,47732,jcb,Automotive,$262.05
749,Moses,Sandbatch,64820 Paget Avenue,Muncie,Indiana,47306,maestro,Grocery,$767.15
750,Amii,Heinritz,945 Lawn Avenue,Manassas,Virginia,22111,diners-club-international,Kids,$883.86
751,Brianna,Oliveti,12644 Ronald Regan Drive,Hialeah,Florida,33018,jcb,Clothing,$94.78
752,Bail,Naughton,405 Lyons Terrace,Harrisburg,Pennsylvania,17140,jcb,Tools,$674.04
753,Carlen,Richardes,2569 Division Junction,Arlington,Texas,76096,switch,Home,$408.27
754,Hannie,Dawbury,68 Melody Way,Jamaica,New York,11470,jcb,Shoes,$10.55
755,Viole,Frape,2 6th Road,San Francisco,California,94142,laser,Jewelery,$60.45
756,Cherry,Shimman,03498 Lotheville Place,Fort Worth,Texas,76192,laser,Music,$803.07
757,Melisse,de Leon,05 Manufacturers Way,Amarillo,Texas,79182,instapayment,Automotive,$139.02
758,Rozalie,Ginty,3118 Eastlawn Crossing,Pensacola,Florida,32511,jcb,Games,$620.41
759,Kirk,Tollett,8221 Parkside Point,Oklahoma City,Oklahoma,73179,jcb,Computers,$556.40
760,King,Izsak,67819 Warrior Hill,Idaho Falls,Idaho,83405,jcb,Kids,$287.86
761,Christa,Simoneton,6 Paget Point,Providence,Rhode Island,02912,jcb,Outdoors,$842.54
762,Loralee,Ockendon,25 Dunning Lane,Shawnee Mission,Kansas,66215,china-unionpay,Music,$752.88
763,Westbrook,Clough,758 Eagan Parkway,Portland,Oregon,97206,switch,Outdoors,$62.46
764,Kent,Baugh,76819 Sommers Junction,Oklahoma City,Oklahoma,73114,jcb,Beauty,$734.03
765,Adelle,Eshmade,217 Morningstar Place,Seattle,Washington,98140,bankcard,Beauty,$513.53
766,Garey,Bagniuk,9049 Di Loreto Court,Modesto,California,95397,americanexpress,Industrial,$6.59
767,Flo,Velez,65862 4th Lane,San Jose,California,95173,mastercard,Clothing,$525.74
768,Anatola,Tatlock,802 Cody Center,Shreveport,Louisiana,71161,jcb,Toys,$185.72
769,Janet,Duplock,1 Bultman Avenue,Houston,Texas,77040,jcb,Industrial,$0.79
770,Daryl,Gilluley,89223 Randy Street,Jackson,Tennessee,38308,jcb,Home,$323.59
771,Edin,Dzeniskevich,20 Pankratz Point,Boulder,Colorado,80310,jcb,Toys,$264.63
772,Elwin,Alibone,20 Florence Parkway,New Hyde Park,New York,11044,diners-club-international,Health,$141.58
773,Regan,Wray,5 Nobel Plaza,Mc Keesport,Pennsylvania,15134,visa-electron,Electronics,$747.93
774,Rasia,Huckfield,9 Dovetail Terrace,Pittsburgh,Pennsylvania,15220,jcb,Movies,$611.91
775,Reeta,Drinan,5 Erie Place,Spring Hill,Florida,34611,jcb,Industrial,$807.38
776,Sal,Shepton,9 Valley Edge Junction,Saint Paul,Minnesota,55188,diners-club-carte-blanche,Tools,$282.08
777,Meredith,Dorgon,0932 Karstens Parkway,Phoenix,Arizona,85067,jcb,Games,$858.12
778,Mariel,Bello,1 Tennessee Center,Dallas,Texas,75358,mastercard,Grocery,$175.17
779,Elene,Gligori,79 Loeprich Point,Denver,Colorado,80241,solo,Grocery,$307.27
780,Lenard,Jakubovicz,392 Harper Hill,Evanston,Illinois,60208,visa,Tools,$252.15
781,Ida,McTrustram,00744 Westerfield Court,Virginia Beach,Virginia,23454,jcb,Computers,$822.65
782,Norbie,Dullingham,48 Jackson Street,Akron,Ohio,44305,solo,Baby,$398.22
783,Bertie,Dundredge,82 Merrick Hill,Missoula,Montana,59806,solo,Health,$598.21
784,Cathe,Suthren,5085 Goodland Plaza,Philadelphia,Pennsylvania,19109,jcb,Kids,$586.61
785,Herbie,McArd,54 Brown Trail,Columbia,Missouri,65211,diners-club-international,Automotive,$177.57
786,Phelia,Casaccia,993 Glacier Hill Way,Saint Cloud,Minnesota,56372,jcb,Grocery,$813.40
787,Bernardo,Krochmann,85203 Muir Place,Berkeley,California,94705,switch,Clothing,$163.82
788,Quinta,Radolf,773 Drewry Junction,Portland,Oregon,97271,diners-club-carte-blanche,Electronics,$21.30
789,Vikky,Forsbey,9 Shasta Point,Honolulu,Hawaii,96820,jcb,Industrial,$443.43
790,Chucho,Sebire,71496 Eastlawn Drive,West Palm Beach,Florida,33405,mastercard,Computers,$140.15
791,Damien,Chmarny,63 Susan Avenue,Lansing,Michigan,48901,switch,Movies,$618.11
792,Andria,Welbrock,4 Manufacturers Drive,Minneapolis,Minnesota,55480,jcb,Books,$531.02
793,Laura,Reditt,93 Texas Place,Aurora,Colorado,80045,jcb,Clothing,$21.13
794,Madelena,Shea,37127 Kropf Terrace,Denver,Colorado,80204,diners-club-enroute,Health,$181.32
795,Edgardo,Rawdales,6097 Express Place,Columbia,South Carolina,29203,laser,Shoes,$904.24
796,Aleksandr,Divver,8 Sundown Parkway,Irvine,California,92710,jcb,Home,$303.26
797,Sherman,Fumagall,22 Becker Parkway,Santa Barbara,California,93106,mastercard,Kids,$662.55
798,Ursola,Halsall,33 Spohn Park,Pensacola,Florida,32595,jcb,Jewelery,$974.13
799,Brooks,Yellowlee,96 Fordem Junction,Virginia Beach,Virginia,23471,mastercard,Automotive,$926.07
800,Jacques,Strewthers,50387 Banding Park,New York City,New York,10099,jcb,Health,$830.31
801,Dasi,Agnew,85636 New Castle Hill,Indianapolis,Indiana,46202,maestro,Jewelery,$774.46
802,Darb,Sporton,6 Veith Point,Young America,Minnesota,55551,diners-club-carte-blanche,Tools,$226.02
803,Marley,Meadowcraft,68313 Westridge Drive,Phoenix,Arizona,85077,diners-club-carte-blanche,Home,$43.85
804,Irena,Gobbett,50 Lien Alley,Washington,District of Columbia,20370,mastercard,Movies,$601.07
805,Jeanine,Pierrepoint,002 Grim Plaza,Saint Paul,Minnesota,55108,visa,Beauty,$853.27
806,Deonne,Hughesdon,64252 Clemons Avenue,Oakland,California,94616,jcb,Books,$785.30
807,Darsey,Crannach,3951 Judy Pass,Alhambra,California,91841,diners-club-carte-blanche,Grocery,$205.42
808,Calli,Call,9 Haas Way,New Orleans,Louisiana,70165,switch,Computers,$368.97
809,Mick,De Domenico,237 Mandrake Terrace,Scottsdale,Arizona,85260,mastercard,Grocery,$819.36
810,Carney,Matcham,1 Forest Court,Philadelphia,Pennsylvania,19184,jcb,Movies,$375.08
811,Roxy,Challenger,9182 Lighthouse Bay Pass,Milwaukee,Wisconsin,53220,jcb,Kids,$50.83
812,Neila,Serrier,8 Washington Park,Edmond,Oklahoma,73034,jcb,Industrial,$727.15
813,Annie,Likly,53212 Lakeland Hill,Birmingham,Alabama,35295,diners-club-carte-blanche,Beauty,$843.91
814,Vanna,Cornick,9245 Blue Bill Park Plaza,Washington,District of Columbia,20420,jcb,Electronics,$111.10
815,Mort,Tiltman,6 South Road,San Jose,California,95155,china-unionpay,Home,$354.69
816,Carlota,Wolfe,45 7th Hill,Roanoke,Virginia,24029,jcb,Electronics,$446.64
817,Ilsa,Benbough,0 Carpenter Street,Washington,District of Columbia,20041,visa,Health,$667.34
818,Romona,Bunclark,468 Buena Vista Drive,Pittsburgh,Pennsylvania,15215,jcb,Grocery,$78.70
819,Des,Yockley,1 Grim Junction,Saint Paul,Minnesota,55108,diners-club-enroute,Shoes,$918.41
820,Felicio,Birtley,68 Chive Drive,Migrate,Kentucky,41905,maestro,Kids,$166.86
821,Ivett,Cator,50 Parkside Parkway,New York City,New York,10009,jcb,Home,$977.24
822,Kim,Poncet,084 Coleman Way,Columbus,Ohio,43268,jcb,Clothing,$830.45
823,Rutter,Johnson,25 Roxbury Junction,Santa Fe,New Mexico,87592,jcb,Electronics,$100.86
824,Roland,Sallarie,1 Barby Street,Philadelphia,Pennsylvania,19141,americanexpress,Garden,$949.50
825,Kori,Dornin,5 Homewood Circle,Boise,Idaho,83757,jcb,Kids,$670.96
826,Codie,Probets,19 Scofield Place,Sacramento,California,94230,mastercard,Jewelery,$952.25
827,Chelsae,Wittke,8788 Mccormick Alley,Dallas,Texas,75372,jcb,Beauty,$633.69
828,Karlene,Haughin,748 Memorial Point,Beaufort,South Carolina,29905,china-unionpay,Sports,$133.16
829,Kurtis,Medwell,92 Norway Maple Center,Hamilton,Ohio,45020,visa,Electronics,$288.18
830,Jarred,Blasiak,0108 Reindahl Parkway,Paterson,New Jersey,07522,mastercard,Toys,$234.29
831,Orville,Alberti,456 Menomonie Drive,Anniston,Alabama,36205,visa-electron,Kids,$439.28
832,Millisent,Hughf,81290 Redwing Park,Charlotte,North Carolina,28256,maestro,Tools,$917.79
833,Worthington,Ledgley,30 Delladonna Park,Bakersfield,California,93399,diners-club-enroute,Sports,$482.97
834,Fifi,Enrich,30 Springs Avenue,Washington,District of Columbia,20299,maestro,Books,$583.48
835,Trumaine,Obern,233 Starling Place,Jersey City,New Jersey,07305,jcb,Toys,$46.38
836,Corinna,Edmett,16 Banding Center,Houston,Texas,77070,visa-electron,Kids,$466.43
837,Giovanna,Margeram,18 Homewood Way,Santa Barbara,California,93106,jcb,Shoes,$344.27
838,Annabel,Wenden,87405 Everett Drive,Johnstown,Pennsylvania,15906,jcb,Industrial,$99.24
839,Keane,Haynesford,5798 Thackeray Alley,Cleveland,Ohio,44105,instapayment,Electronics,$478.88
840,Brendan,Glendinning,31327 Cardinal Circle,Cincinnati,Ohio,45213,jcb,Books,$148.42
841,Filide,O'Hartnett,207 Duke Way,El Paso,Texas,79905,jcb,Home,$464.35
842,Regan,Howsam,331 Surrey Hill,Riverside,California,92505,diners-club-us-ca,Outdoors,$541.69
843,Nev,Shefton,92 Melby Street,Corona,California,92878,jcb,Grocery,$435.34
844,Hazel,McVey,1 Sheridan Pass,San Antonio,Texas,78260,switch,Books,$43.91
845,Horacio,Dmiterko,84001 Clove Junction,Atlanta,Georgia,30311,diners-club-us-ca,Books,$208.18
846,Yetty,Llopis,09 3rd Avenue,Naperville,Illinois,60567,jcb,Clothing,$580.87
847,Koressa,Vince,5239 Lukken Avenue,Dallas,Texas,75353,diners-club-enroute,Industrial,$294.16
848,Eugenie,Matei,024 Lighthouse Bay Alley,San Antonio,Texas,78205,jcb,Computers,$507.28
849,Irena,Gascard,10100 Fairview Trail,San Jose,California,95138,solo,Automotive,$124.73
850,Florie,Elijahu,60051 Fuller Junction,Metairie,Louisiana,70033,jcb,Automotive,$549.09
851,Carly,Fletcher,18281 Fulton Junction,Brockton,Massachusetts,02405,jcb,Shoes,$938.07
852,Linnell,Mechi,544 Butterfield Street,Appleton,Wisconsin,54915,visa-electron,Baby,$554.91
853,Cathe,Rearden,03 Melby Plaza,Daytona Beach,Florida,32123,visa-electron,Sports,$773.61
854,Reginald,Phant,324 Independence Street,Trenton,New Jersey,08603,mastercard,Computers,$168.29
855,Calla,Woolsey,7 Knutson Street,Saint Louis,Missouri,63126,jcb,Jewelery,$250.83
856,Darbee,Lethley,28809 Heath Road,Washington,District of Columbia,56944,china-unionpay,Games,$481.03
857,Verla,Higgen,4941 Cambridge Parkway,Port Saint Lucie,Florida,34985,visa,Sports,$856.38
858,Frederick,Beed,7734 Merrick Junction,Dayton,Ohio,45454,jcb,Books,$436.98
859,Virgilio,Cuphus,0766 Northfield Lane,Chicago,Illinois,60636,jcb,Movies,$229.48
860,Bambi,Loggie,2 Milwaukee Terrace,Burbank,California,91520,visa,Industrial,$822.14
861,Paloma,Alvarez,1 Farmco Place,Lincoln,Nebraska,68524,jcb,Outdoors,$812.26
862,Norma,Iggalden,77589 Steensland Parkway,Richmond,Virginia,23277,diners-club-enroute,Beauty,$83.26
863,Marinna,Wheowall,8562 Cherokee Pass,Saint Louis,Missouri,63167,mastercard,Electronics,$208.27
864,Conrade,Vasyutkin,50415 3rd Alley,San Antonio,Texas,78245,china-unionpay,Music,$238.39
865,Madelene,Tourle,94 Del Sol Circle,San Antonio,Texas,78205,jcb,Outdoors,$774.94
866,Werner,Tinman,9917 Pankratz Pass,El Paso,Texas,79977,solo,Tools,$57.04
867,Griffie,McNeill,6 Starling Junction,Worcester,Massachusetts,01654,diners-club-enroute,Sports,$445.45
868,Mathilde,Mixer,2369 Monterey Lane,Miami,Florida,33124,visa,Tools,$745.28
869,Cynthy,Cawthry,34 Village Center,Hartford,Connecticut,06105,diners-club-carte-blanche,Games,$359.23
870,Celeste,Yushin,10 Oriole Hill,Seattle,Washington,98109,americanexpress,Outdoors,$690.64
871,Lance,Rusbridge,84 Carberry Alley,Houston,Texas,77228,bankcard,Games,$285.72
872,Karleen,Behrend,69853 Northfield Alley,Santa Ana,California,92725,americanexpress,Industrial,$761.99
873,Sayre,Asher,239 Mitchell Point,Memphis,Tennessee,38126,americanexpress,Electronics,$251.71
874,Kathrine,Grealy,9 Lukken Trail,Huntington,West Virginia,25716,jcb,Kids,$62.96
875,Arnie,Glenn,434 Green Ridge Road,Lawrenceville,Georgia,30045,mastercard,Jewelery,$244.50
876,Derrick,Gallihawk,3 Chive Park,Albany,New York,12242,mastercard,Grocery,$65.14
877,Brendan,Booth-Jarvis,54771 Mariners Cove Avenue,Minneapolis,Minnesota,55417,jcb,Movies,$120.13
878,Cecilla,Danilowicz,60445 Iowa Pass,Spring,Texas,77388,americanexpress,Garden,$407.75
879,Tiffi,Pinchin,18307 Cody Crossing,Washington,District of Columbia,20051,jcb,Books,$782.44
880,Donella,Whorf,858 Lillian Terrace,Tempe,Arizona,85284,bankcard,Automotive,$356.30
881,Jennie,Shalloo,89010 Colorado Park,Reston,Virginia,22096,visa,Baby,$529.45
882,Zabrina,Havoc,76495 Hovde Court,Wilkes Barre,Pennsylvania,18706,jcb,Computers,$10.99
883,Valentin,Gipson,68 Carey Center,Huntington,West Virginia,25705,americanexpress,Industrial,$557.29
884,Edvard,Sein,4797 Springs Terrace,Augusta,Georgia,30911,maestro,Automotive,$374.83
885,Nessa,Scantleberry,6610 Dakota Drive,Saint Louis,Missouri,63110,jcb,Baby,$959.17
886,Lorri,Lindores,6611 Jenifer Park,Las Vegas,Nevada,89166,diners-club-enroute,Toys,$418.57
887,Weider,Cohani,6 Troy Junction,Denver,Colorado,80249,jcb,Outdoors,$247.78
888,Adelina,Strippling,53 Truax Crossing,Galveston,Texas,77554,jcb,Grocery,$869.40
889,Constantine,Rockwell,12611 Gulseth Park,Huntington,West Virginia,25770,jcb,Shoes,$767.46
890,Cherida,Arpe,5471 Caliangt Crossing,Greeley,Colorado,80638,jcb,Grocery,$180.24
891,Karia,Le Estut,82857 Dixon Park,Boise,Idaho,83727,jcb,Electronics,$708.03
892,Rikki,Steinor,95 Straubel Plaza,Nashville,Tennessee,37220,jcb,Grocery,$394.51
893,Micheil,Blazewicz,7 Green Ridge Point,Charleston,West Virginia,25389,americanexpress,Outdoors,$218.18
894,Fredericka,Pincott,32 Dakota Avenue,Roanoke,Virginia,24024,jcb,Music,$6.29
895,Franny,Files,068 Roth Road,Omaha,Nebraska,68134,jcb,Movies,$951.62
896,Dorolisa,Georg,6645 Fair Oaks Way,Chicago,Illinois,60646,jcb,Health,$527.82
897,Justine,Dillestone,4 Dorton Trail,Pittsburgh,Pennsylvania,15266,visa-electron,Industrial,$466.57
898,Kore,Carsberg,6 7th Way,Washington,District of Columbia,20591,jcb,Toys,$859.58
899,Dorelle,Hinners,950 Mallory Road,Las Vegas,Nevada,89115,mastercard,Garden,$38.72
900,Hugibert,Deinhard,94644 Lighthouse Bay Trail,Washington,District of Columbia,20220,mastercard,Kids,$687.80
901,Glynis,Monan,805 Nelson Street,Houston,Texas,77260,jcb,Electronics,$664.31
902,Truman,Greeves,26 Messerschmidt Place,Miami,Florida,33175,jcb,Music,$51.25
903,Georgeanne,Guidini,0 Eagan Parkway,San Diego,California,92121,americanexpress,Jewelery,$148.35
904,Nerti,Winders,5 Old Gate Drive,Atlanta,Georgia,30380,diners-club-enroute,Kids,$274.24
905,Sigismondo,Allot,7845 Northwestern Pass,Indianapolis,Indiana,46216,diners-club-carte-blanche,Jewelery,$757.46
906,Nickolas,Casa,16577 Hovde Alley,Des Moines,Iowa,50320,china-unionpay,Movies,$372.43
907,Ashleigh,Hallowell,0 Utah Hill,Virginia Beach,Virginia,23464,jcb,Automotive,$831.64
908,Davis,Desporte,6 Rutledge Park,Dayton,Ohio,45426,switch,Health,$199.68
909,Loni,Turfitt,7067 Moose Circle,Mobile,Alabama,36605,jcb,Garden,$337.68
910,Luther,Pynn,46 Banding Court,Baltimore,Maryland,21281,china-unionpay,Electronics,$180.76
911,Josee,Higbin,056 Ilene Drive,Dallas,Texas,75260,switch,Garden,$338.44
912,Taite,Wildin,9361 Pennsylvania Street,Norwalk,Connecticut,06854,switch,Industrial,$285.61
913,Nataniel,Lomasny,2834 Nevada Road,Sacramento,California,94257,jcb,Kids,$483.52
914,Ivan,Pinnijar,919 Ridgeway Hill,Durham,North Carolina,27705,jcb,Health,$118.77
915,Brennen,McIlherran,5452 Lake View Point,Dallas,Texas,75358,jcb,Beauty,$848.97
916,Germayne,Muttock,772 Badeau Drive,New Bedford,Massachusetts,02745,jcb,Grocery,$791.31
917,Marcy,Lepick,07858 Novick Hill,Fort Worth,Texas,76129,jcb,Grocery,$242.67
918,Dallis,Eighteen,21 Lerdahl Street,Jacksonville,Florida,32230,mastercard,Baby,$685.71
919,Yetty,Whild,9 Annamark Junction,Modesto,California,95397,jcb,Movies,$289.96
920,Rhodie,Eldredge,2 American Ash Center,Knoxville,Tennessee,37919,diners-club-international,Garden,$493.36
921,Crawford,Keates,03684 Michigan Terrace,Washington,District of Columbia,20046,jcb,Books,$715.43
922,Alie,Manhood,08741 Sutteridge Street,Fort Smith,Arkansas,72916,jcb,Computers,$369.96
923,Nowell,Rubra,1186 Veith Park,San Diego,California,92110,jcb,Movies,$60.56
924,Tamarah,Guitt,575 Schmedeman Point,Oakland,California,94616,diners-club-carte-blanche,Home,$182.39
925,Tate,Dumbrill,741 Bonner Alley,Wichita,Kansas,67215,maestro,Automotive,$538.52
926,Giacinta,Bote,0618 Acker Plaza,Baltimore,Maryland,21290,visa-electron,Tools,$471.79
927,Betti,Braunstein,40 Arkansas Pass,Seattle,Washington,98158,jcb,Grocery,$695.47
928,Yolanda,Belfitt,6 Transport Pass,Yakima,Washington,98907,maestro,Jewelery,$913.38
929,Patrizia,Marsden,9 Miller Pass,New York City,New York,10014,jcb,Kids,$468.51
930,Adolpho,Bernardotti,6 Golden Leaf Point,Evansville,Indiana,47747,jcb,Garden,$768.42
931,Suki,Ellison,0498 Norway Maple Alley,Oklahoma City,Oklahoma,73179,jcb,Clothing,$176.52
932,Allina,Firsby,38 Lawn Alley,San Francisco,California,94137,visa-electron,Garden,$419.88
933,Sharron,Kennicott,29 Elka Alley,Levittown,Pennsylvania,19058,switch,Jewelery,$485.31
934,Karalee,Vaugham,553 South Way,San Bernardino,California,92424,mastercard,Automotive,$807.98
935,Zuzana,O' Mullan,07 Londonderry Pass,Saint Louis,Missouri,63143,bankcard,Garden,$868.71
936,Gav,Keningham,02128 Debra Parkway,Dulles,Virginia,20189,laser,Sports,$802.20
937,Sue,Abrahams,193 Mallory Trail,Fresno,California,93794,china-unionpay,Clothing,$146.60
938,Glynn,Hounsome,62 Summit Road,Houston,Texas,77276,jcb,Health,$409.61
939,Genny,Clancey,3235 Sunfield Parkway,Suffolk,Virginia,23436,jcb,Music,$242.86
940,Babbette,Blackborn,0 Welch Road,Yakima,Washington,98907,jcb,Grocery,$770.18
941,Alejandro,Maulden,970 Rutledge Parkway,Baton Rouge,Louisiana,70836,china-unionpay,Health,$976.30
942,Rikki,Blaase,0 Northridge Crossing,Springfield,Ohio,45505,laser,Grocery,$350.00
943,Siouxie,Casella,0 Main Crossing,Kansas City,Missouri,64144,americanexpress,Grocery,$222.54
944,Cole,Culbert,24 Macpherson Trail,Houston,Texas,77070,americanexpress,Industrial,$90.22
945,Laural,Pecha,32 Mifflin Parkway,Fresno,California,93721,visa-electron,Toys,$199.08
946,Brody,Ranyell,251 Ronald Regan Terrace,Minneapolis,Minnesota,55417,diners-club-international,Sports,$142.58
947,Chucho,Hriinchenko,58715 Haas Drive,Chicago,Illinois,60691,laser,Sports,$422.58
948,Sacha,MacLaren,93 Southridge Parkway,Charlotte,North Carolina,28289,diners-club-enroute,Sports,$303.46
949,Codi,Briskey,68589 Clemons Junction,Salt Lake City,Utah,84105,jcb,Garden,$949.14
950,Archaimbaud,Gidman,412 Pawling Street,Saint Paul,Minnesota,55166,switch,Jewelery,$629.88
951,Tiler,Zaniolo,982 Cardinal Lane,Dallas,Texas,75323,mastercard,Home,$811.42
952,Zebadiah,Kenyam,26483 Service Street,Garland,Texas,75049,jcb,Games,$54.73
953,Aron,Carass,98 Mcbride Way,Temple,Texas,76505,jcb,Beauty,$312.60
954,Luke,Gilli,48 High Crossing Court,Birmingham,Alabama,35231,maestro,Health,$897.27
955,Jamesy,Shoreson,6 Vermont Lane,Asheville,North Carolina,28815,maestro,Automotive,$565.96
956,Penny,Robken,840 American Circle,New York City,New York,10105,mastercard,Health,$24.43
957,Mylo,Coogan,01 Welch Pass,Paterson,New Jersey,07544,mastercard,Books,$176.51
958,Margaretha,Stanier,0 Huxley Trail,Columbus,Ohio,43215,visa-electron,Garden,$770.13
959,Ardyce,Jordan,32425 Memorial Junction,Miami,Florida,33147,maestro,Books,$179.22
960,Philippine,Kliche,6 Roxbury Circle,Pensacola,Florida,32590,laser,Electronics,$241.79
961,Dagny,Snoding,6 Summit Place,Portland,Oregon,97232,jcb,Baby,$369.50
962,Whitaker,Pordall,6 Bayside Alley,Brockton,Massachusetts,02405,maestro,Kids,$958.75
963,Berkly,Andrzejak,63310 Bashford Trail,Sioux City,Iowa,51105,bankcard,Tools,$959.76
964,Nadiya,Silbermann,742 Sherman Way,Saint Paul,Minnesota,55127,jcb,Baby,$414.21
965,Amandie,Hatchman,385 Graceland Trail,Toledo,Ohio,43656,mastercard,Shoes,$678.46
966,Mitzi,Maliffe,001 Merry Court,Seattle,Washington,98158,switch,Sports,$916.78
967,Tabor,Caldaro,925 3rd Avenue,Monroe,Louisiana,71213,jcb,Games,$760.28
968,Winni,McBrearty,3752 Meadow Ridge Center,Visalia,California,93291,jcb,Baby,$825.96
969,Stacia,Simononsky,99 Maple Terrace,Springfield,Illinois,62718,americanexpress,Garden,$756.11
970,Florida,Powrie,6 Summerview Crossing,El Paso,Texas,88579,diners-club-enroute,Games,$912.05
971,Adiana,Thurske,801 Porter Road,New Orleans,Louisiana,70165,bankcard,Shoes,$621.72
972,Caria,Segeswoeth,4 Northview Hill,Henderson,Nevada,89012,jcb,Movies,$176.39
973,Kristoforo,Valentinetti,86203 Harper Road,Columbus,Ohio,43268,instapayment,Music,$44.99
974,Wanda,Worsfold,41 Dakota Street,Cincinnati,Ohio,45238,americanexpress,Music,$673.46
975,Mathe,Le Clercq,6577 Scott Terrace,Harrisburg,Pennsylvania,17105,visa,Music,$548.83
976,Angy,Niesegen,10904 Meadow Ridge Road,Dayton,Ohio,45408,visa,Music,$560.12
977,Ariadne,Ridsdell,469 Eastlawn Drive,Seattle,Washington,98115,jcb,Movies,$986.64
978,Katine,Benkhe,4 Armistice Drive,Philadelphia,Pennsylvania,19196,diners-club-international,Toys,$881.91
979,Nicky,Silkstone,5 Corscot Parkway,Tacoma,Washington,98424,mastercard,Home,$652.96
980,Tildie,Patington,5 Eliot Street,Austin,Texas,78732,jcb,Baby,$954.52
981,Gris,Whelan,4426 Melby Terrace,Brooklyn,New York,11247,jcb,Tools,$954.24
982,Hartwell,Whiskerd,287 Wayridge Pass,San Diego,California,92160,jcb,Toys,$473.12
983,Sheffield,Webber,9260 Sycamore Place,Orlando,Florida,32813,switch,Movies,$750.79
984,Fianna,Echallier,13 Fairview Plaza,Montgomery,Alabama,36104,jcb,Outdoors,$328.88
985,Odie,Hanington,75366 Cambridge Road,Birmingham,Alabama,35244,jcb,Games,$346.39
986,Carlita,Dyble,4032 Basil Crossing,Fort Worth,Texas,76147,visa-electron,Movies,$226.30
987,Loise,Rabbitts,0 Gerald Court,New York City,New York,10014,switch,Health,$310.58
988,Stevie,Engelmann,56 Eastwood Junction,Jamaica,New York,11436,jcb,Electronics,$618.88
989,Leora,Peltzer,9 Northfield Avenue,Louisville,Kentucky,40287,mastercard,Jewelery,$535.78
990,Preston,Peeke,753 Sunnyside Parkway,Houston,Texas,77271,switch,Shoes,$90.73
991,Jasen,Schoenleiter,23 Southridge Hill,Norfolk,Virginia,23514,jcb,Garden,$648.24
992,Dawna,Pimme,4 Armistice Court,Minneapolis,Minnesota,55470,mastercard,Electronics,$961.15
993,Nance,Samms,41413 Paget Trail,Tampa,Florida,33633,china-unionpay,Grocery,$566.17
994,Griz,Cabral,55 Swallow Court,Louisville,Kentucky,40233,jcb,Health,$155.98
995,Way,Royds,3 Pearson Pass,Tulsa,Oklahoma,74108,diners-club-carte-blanche,Baby,$248.26
996,Inglebert,Leggott,76 Sunbrook Street,Seattle,Washington,98158,jcb,Computers,$963.78
997,Ingra,Bramo,514 Crowley Alley,Houston,Texas,77090,visa-electron,Automotive,$837.31
998,Veronique,Sherewood,84 Londonderry Terrace,Charleston,West Virginia,25326,china-unionpay,Movies,$634.94
999,Crystie,Sunner,452 Dexter Terrace,New Orleans,Louisiana,70149,jcb,Garden,$945.64
1000,Anestassia,Trollope,4761 Brentwood Parkway,Cincinnati,Ohio,45243,jcb,Movies,$117.18
